equipment_id,machine_type,operating_hours,part_number,part_category,part_price_usd,failure_rate_est,expected_replacement_interval_hours,supplier,lead_time_days,downtime_impact_hours
EQ-0001,Bulldozer,2453,PART-3849,Engine,105.49,0.2590163772182503,3156,LocalVendor2,20,178
EQ-0002,AsphaltPlant,3208,PART-2742,Engine,66.54,0.18642658081195831,2631,Dynapac,4,160
EQ-0003,Excavator,1579,PART-2306,Transmission,429.19,0.07598214995792717,1309,Dynapac,10,101
EQ-0004,AsphaltPlant,2880,PART-4849,Filters,243.58,0.19409865882432742,2520,CAT,37,175
EQ-0005,AsphaltPlant,4511,PART-8519,Engine,617.34,0.08915233513488582,3625,CAT,32,158
EQ-0006,Roller,1823,PART-5195,Filters,195.06,0.1259924383690342,1691,CAT,50,187
EQ-0007,Excavator,1419,PART-6178,Transmission,105.28,0.17681575099313732,1768,CAT,18,52
EQ-0008,Excavator,2200,PART-3555,Transmission,593.18,0.09366684573668825,2352,LocalVendor1,56,33
EQ-0009,Excavator,2394,PART-3305,Electrical,288.83,0.06975197852975508,2267,Wirtgen,24,31
EQ-0010,AsphaltPlant,3725,PART-8619,Filters,112.92,0.18260413229435762,4695,LocalVendor1,35,150
EQ-0011,Bulldozer,2166,PART-3642,Engine,432.3,0.2807056943018621,1579,Dynapac,42,108
EQ-0012,Excavator,1901,PART-7409,Engine,264.69,0.23702640313356246,1570,LocalVendor1,42,64
EQ-0013,AsphaltPlant,1401,PART-5757,Filters,328.14,0.19950303295350663,1456,Volvo,6,110
EQ-0014,Roller,963,PART-3994,Filters,235.36,0.21854298049128135,1029,LocalVendor2,16,73
EQ-0015,Bulldozer,1198,PART-9751,Filters,579.32,0.19464036480273414,867,CAT,48,118
EQ-0016,Roller,1195,PART-2271,Wear,580.82,0.1814930160586575,1125,Volvo,4,25
EQ-0017,Bulldozer,2064,PART-2813,Engine,420.73,0.2129032487719053,2248,LocalVendor2,20,156
EQ-0018,AsphaltPlant,1057,PART-9801,Transmission,83.41,0.05421458355621843,1182,Volvo,29,106
EQ-0019,Paver,2275,PART-3461,Engine,597.63,0.1639639709610039,2463,Dynapac,4,135
EQ-0020,Bulldozer,4954,PART-5120,Wear,383.52,0.14433362556293095,4420,CAT,39,99
EQ-0021,Roller,3773,PART-7124,Filters,408.23,0.15552319818011945,2852,Volvo,5,194
EQ-0022,AsphaltPlant,2054,PART-9475,Electrical,185.29,0.11770394496772471,1964,Dynapac,25,109
EQ-0023,Bulldozer,6362,PART-5396,Filters,684.28,0.18643414913419626,4944,CAT,32,129
EQ-0024,Paver,2397,PART-1816,Filters,437.7,0.0927450393218675,3040,Wirtgen,46,6
EQ-0025,Paver,2553,PART-8304,Wear,85.83,0.1126301549425576,2514,Dynapac,46,70
EQ-0026,Excavator,2180,PART-8331,Engine,207.16,0.10422840604435296,1940,LocalVendor1,12,117
EQ-0027,Excavator,2298,PART-1082,Filters,702.47,0.21047626460889085,2665,CAT,38,174
EQ-0028,Roller,1794,PART-2920,Engine,64.5,0.14917935477535646,1791,Volvo,2,166
EQ-0029,Bulldozer,2068,PART-8817,Hydraulic,1026.48,0.11774173621422658,1832,LocalVendor2,10,46
EQ-0030,Bulldozer,4363,PART-3093,Transmission,391.05,0.12385992134886735,5179,Volvo,18,24
EQ-0031,Excavator,3954,PART-8071,Engine,349.39,0.15027164316762848,4825,LocalVendor1,55,101
EQ-0032,Bulldozer,733,PART-8967,Electrical,144.64,0.26355224432088975,809,LocalVendor1,2,72
EQ-0033,Bulldozer,1119,PART-9367,Transmission,135.82,0.06344357645573295,814,Volvo,4,177
EQ-0034,Paver,1589,PART-6285,Electrical,904.49,0.19728569983758498,1652,LocalVendor2,48,79
EQ-0035,Excavator,3496,PART-5937,Filters,156.26,0.18303036366217054,4048,CAT,27,129
EQ-0036,AsphaltPlant,3993,PART-1369,Transmission,498.17,0.08819242210872569,3122,Dynapac,54,174
EQ-0037,Excavator,3202,PART-2818,Engine,199.83,0.25268113031082806,2680,LocalVendor1,32,51
EQ-0038,AsphaltPlant,1313,PART-3101,Transmission,94.99,0.18774963156164734,1614,LocalVendor1,27,9
EQ-0039,Paver,1811,PART-4490,Filters,53.23,0.11445866877391703,1289,LocalVendor1,24,53
EQ-0040,Roller,2902,PART-2779,Wear,285.75,0.019841067183761774,3342,LocalVendor2,31,128
EQ-0041,Bulldozer,2083,PART-8674,Electrical,1166.16,0.16604027841493788,2050,Wirtgen,11,41
EQ-0042,Paver,1951,PART-2364,Filters,188.2,0.14686780906708116,1888,LocalVendor2,9,166
EQ-0043,Bulldozer,1964,PART-8294,Wear,182.57,0.07785009481137165,1383,CAT,45,150
EQ-0044,Roller,3822,PART-4676,Transmission,176.52,0.0769469912905054,4554,CAT,26,23
EQ-0045,Roller,3034,PART-3426,Transmission,270.53,0.21079569069836535,2778,CAT,23,44
EQ-0046,Paver,2014,PART-9264,Filters,224.3,0.01310135648753033,2063,CAT,16,21
EQ-0047,Roller,2703,PART-9089,Engine,685.87,0.17199979285511252,2990,CAT,42,192
EQ-0048,AsphaltPlant,1226,PART-3962,Transmission,261.28,0.1368794117282397,1375,Volvo,57,103
EQ-0049,Roller,1813,PART-1859,Engine,262.64,0.18480083798474076,2309,LocalVendor1,58,97
EQ-0050,Bulldozer,3659,PART-5138,Engine,94.68,0.1293986493097859,3727,LocalVendor2,11,46
EQ-0051,Bulldozer,1023,PART-3424,Engine,1267.8,0.17052924756822202,961,Volvo,21,127
EQ-0052,Bulldozer,3051,PART-5017,Hydraulic,136.29,0.09800576088299034,3881,LocalVendor2,42,111
EQ-0053,Bulldozer,729,PART-9560,Wear,72.86,0.1465556558678642,791,Wirtgen,48,76
EQ-0054,AsphaltPlant,4687,PART-9342,Wear,376.43,0.18423587147055198,4119,Dynapac,24,69
EQ-0055,Excavator,1792,PART-2134,Transmission,321.43,0.1605610309892829,1390,LocalVendor1,54,113
EQ-0056,Paver,2791,PART-6166,Transmission,210.92,0.1766214789681081,3364,Wirtgen,54,57
EQ-0057,Bulldozer,2458,PART-6119,Engine,214.55,0.08504550903838472,2254,Volvo,2,139
EQ-0058,Roller,2499,PART-6694,Hydraulic,511.22,0.10865278066806035,2739,Dynapac,3,137
EQ-0059,Bulldozer,2681,PART-7136,Engine,115.34,0.10986621125488383,2634,Wirtgen,59,28
EQ-0060,Roller,930,PART-6485,Hydraulic,564.86,0.1306457171089273,762,LocalVendor2,20,32
EQ-0061,Roller,2522,PART-5164,Engine,363.87,0.24510080087324798,2675,Dynapac,15,66
EQ-0062,Bulldozer,2140,PART-3346,Electrical,212.89,0.12520748711250093,1575,LocalVendor2,9,21
EQ-0063,AsphaltPlant,1797,PART-6039,Electrical,233.76,0.06995083781641497,1703,Wirtgen,39,24
EQ-0064,Roller,1589,PART-5897,Filters,138.98,0.18791519814954147,1633,Volvo,13,7
EQ-0065,Roller,2551,PART-9252,Engine,468.44,0.2442650402004137,2453,LocalVendor2,27,169
EQ-0066,Bulldozer,1428,PART-6041,Transmission,265.77,0.06171517037033834,1641,Dynapac,28,147
EQ-0067,Roller,3630,PART-4901,Wear,166.08,0.2880967528302663,4344,Wirtgen,30,55
EQ-0068,Roller,2881,PART-2337,Filters,321.94,0.179062362162615,3349,LocalVendor2,16,180
EQ-0069,Bulldozer,2620,PART-2184,Transmission,1687.16,0.22237235523478738,1895,Volvo,47,140
EQ-0070,Bulldozer,3563,PART-5426,Electrical,221.42,0.25269501445303205,2909,LocalVendor1,54,145
EQ-0071,Paver,856,PART-2551,Engine,810.32,0.21808323498954196,874,Volvo,2,180
EQ-0072,AsphaltPlant,1206,PART-2629,Filters,176.94,0.14226250820946226,1520,Volvo,44,7
EQ-0073,AsphaltPlant,2938,PART-2526,Engine,66.89,0.23523887009339906,3528,LocalVendor1,29,197
EQ-0074,Roller,1633,PART-2361,Electrical,118.54,0.16782198389096437,1968,Volvo,58,77
EQ-0075,AsphaltPlant,1733,PART-5370,Filters,212.74,0.22633393074353478,1528,LocalVendor1,4,163
EQ-0076,Roller,1119,PART-6283,Electrical,124.4,0.23399128386464782,1071,LocalVendor1,52,109
EQ-0077,Paver,1430,PART-8610,Hydraulic,50.07,0.0736372387019062,1404,LocalVendor2,19,122
EQ-0078,Bulldozer,3666,PART-2993,Electrical,789.54,0.20560107923839044,2912,LocalVendor2,53,158
EQ-0079,Bulldozer,2907,PART-1869,Engine,607.14,0.13726756570406398,2089,LocalVendor1,35,188
EQ-0080,Bulldozer,2538,PART-2014,Wear,456.78,0.15967334457488103,3218,Wirtgen,33,38
EQ-0081,AsphaltPlant,1765,PART-1602,Electrical,105.11,0.15889649241899584,1490,Dynapac,30,141
EQ-0082,Paver,2467,PART-1690,Transmission,88.47,0.15608791523027507,2082,Wirtgen,26,66
EQ-0083,AsphaltPlant,3807,PART-9685,Wear,71.0,0.25664677185603274,2855,LocalVendor1,27,124
EQ-0084,AsphaltPlant,1653,PART-1489,Hydraulic,436.24,0.05434866611741555,2077,Dynapac,40,119
EQ-0085,Paver,2295,PART-7864,Filters,842.71,0.029435965019114968,2404,LocalVendor2,9,17
EQ-0086,Paver,4816,PART-8240,Filters,218.92,0.014669694983409864,5298,Dynapac,20,73
EQ-0087,Paver,3184,PART-8786,Wear,88.06,0.22484009847551395,3970,LocalVendor1,55,173
EQ-0088,Paver,1777,PART-9024,Filters,265.47,0.0958593755692638,1612,LocalVendor2,48,81
EQ-0089,Bulldozer,3071,PART-1294,Electrical,178.7,0.15925305286604205,3294,Dynapac,43,5
EQ-0090,Excavator,1015,PART-6488,Wear,190.92,0.14196980131127945,734,Dynapac,23,93
EQ-0091,Excavator,2253,PART-5027,Engine,341.33,0.08795374015520138,1829,Wirtgen,30,51
EQ-0092,Paver,3069,PART-3912,Electrical,430.52,0.20960340662889893,3678,Dynapac,34,8
EQ-0093,Excavator,2768,PART-5744,Electrical,85.16,0.14107759222478308,3211,LocalVendor1,39,195
EQ-0094,Excavator,3056,PART-2873,Electrical,60.87,0.13335854460731306,2782,CAT,46,184
EQ-0095,Paver,3354,PART-4258,Engine,1601.79,0.16630099154181757,3106,CAT,47,14
EQ-0096,Excavator,2865,PART-3817,Hydraulic,129.47,0.2004540459386752,2922,CAT,36,32
EQ-0097,AsphaltPlant,2828,PART-9636,Transmission,66.6,0.08287166295258865,1980,LocalVendor1,44,125
EQ-0098,Roller,2564,PART-4641,Filters,113.17,0.21110428431333006,2165,CAT,4,130
EQ-0099,Roller,1349,PART-5458,Wear,61.92,0.25148974638413446,1112,Wirtgen,20,138
EQ-0100,Paver,3665,PART-6307,Hydraulic,199.18,0.050171434186717656,3116,LocalVendor1,11,159
EQ-0101,Bulldozer,2290,PART-9933,Wear,536.46,0.1694809285389482,2710,LocalVendor2,28,144
EQ-0102,Paver,3149,PART-3041,Filters,175.22,0.12865544513498708,2732,LocalVendor1,16,66
EQ-0103,Bulldozer,3500,PART-1679,Engine,226.2,0.1989461406504098,2852,LocalVendor1,12,184
EQ-0104,Roller,1819,PART-6738,Electrical,387.72,0.0648338551231204,1823,Dynapac,48,180
EQ-0105,Paver,1894,PART-6668,Electrical,263.33,0.2640256757950503,2309,Dynapac,27,71
EQ-0106,AsphaltPlant,2015,PART-8697,Engine,642.95,0.03744736354996514,1702,Dynapac,25,178
EQ-0107,Excavator,3969,PART-9033,Hydraulic,653.05,0.13290033421564262,2965,Volvo,14,78
EQ-0108,Bulldozer,1494,PART-1062,Hydraulic,52.99,0.18040072531967521,1365,Wirtgen,33,99
EQ-0109,Excavator,4271,PART-8829,Wear,501.59,0.10195642071456223,4905,LocalVendor1,38,147
EQ-0110,Excavator,2552,PART-8352,Engine,235.26,0.09096189160800736,2629,LocalVendor1,5,40
EQ-0111,Paver,2633,PART-7915,Hydraulic,1398.64,0.16555649456413668,3133,Dynapac,14,146
EQ-0112,Excavator,3432,PART-9326,Engine,248.05,0.15544319439937562,4378,LocalVendor1,10,116
EQ-0113,AsphaltPlant,2423,PART-4644,Filters,1350.45,0.15041567185906046,2848,LocalVendor2,58,135
EQ-0114,Excavator,3683,PART-5970,Electrical,471.42,0.21010819580259382,3912,LocalVendor1,50,117
EQ-0115,Paver,1818,PART-9003,Electrical,135.75,0.1223869114600385,1810,CAT,35,114
EQ-0116,AsphaltPlant,4210,PART-4278,Electrical,281.91,0.17237148548565032,3048,LocalVendor2,57,118
EQ-0117,Roller,1884,PART-8296,Engine,1503.62,0.11453780342069295,2431,LocalVendor2,38,71
EQ-0118,Excavator,4281,PART-4074,Engine,634.59,0.09054693599194143,3981,LocalVendor1,49,130
EQ-0119,Paver,1908,PART-9312,Wear,80.73,0.1300668960056987,1509,Volvo,8,90
EQ-0120,Roller,2042,PART-8552,Electrical,417.63,0.11508643689644578,2246,Dynapac,2,23
EQ-0121,Roller,1408,PART-2637,Wear,177.2,0.1185837339186053,1225,Wirtgen,59,186
EQ-0122,Bulldozer,1598,PART-6103,Electrical,52.1,0.2315729192461513,1680,Wirtgen,13,73
EQ-0123,AsphaltPlant,2296,PART-1644,Wear,204.99,0.1322127582175112,2415,CAT,22,14
EQ-0124,Excavator,2595,PART-3032,Wear,130.27,0.10359653294040945,2510,Wirtgen,12,165
EQ-0125,Paver,3566,PART-3761,Filters,562.56,0.15196551418335932,4285,Wirtgen,45,145
EQ-0126,Bulldozer,2109,PART-3068,Wear,173.44,0.15729595573898852,1811,Dynapac,52,132
EQ-0127,AsphaltPlant,1318,PART-1241,Engine,577.25,0.06691831392841499,1277,Dynapac,59,103
EQ-0128,Bulldozer,2771,PART-3668,Wear,50.18,0.12911156096533094,2833,Volvo,45,183
EQ-0129,AsphaltPlant,2517,PART-1802,Electrical,160.37,0.1262920973130982,2764,CAT,45,36
EQ-0130,AsphaltPlant,2906,PART-6059,Wear,132.79,0.13794990084040687,3401,Wirtgen,15,116
EQ-0131,Excavator,1710,PART-1195,Hydraulic,129.8,0.200786986112659,1602,Volvo,35,28
EQ-0132,AsphaltPlant,1805,PART-3187,Transmission,71.19,0.1595670309814018,1963,CAT,35,39
EQ-0133,Bulldozer,1710,PART-3330,Electrical,112.15,0.23595561431697315,1351,LocalVendor2,26,87
EQ-0134,AsphaltPlant,3867,PART-5841,Hydraulic,293.28,0.1491837750877829,4870,Wirtgen,5,74
EQ-0135,Excavator,4228,PART-4606,Electrical,153.32,0.27432610962660453,3931,Wirtgen,53,172
EQ-0136,Excavator,1769,PART-9468,Engine,212.07,0.11774574903878429,2012,Dynapac,56,186
EQ-0137,Bulldozer,1786,PART-1060,Transmission,191.9,0.0961306333184413,1271,LocalVendor1,27,113
EQ-0138,Roller,3085,PART-4927,Transmission,676.01,0.18831118723438817,2539,CAT,17,176
EQ-0139,Roller,4435,PART-7296,Engine,757.11,0.24548573562255122,4400,Wirtgen,11,194
EQ-0140,AsphaltPlant,4860,PART-3591,Transmission,253.75,0.053483768679034135,5962,CAT,46,103
EQ-0141,Paver,1732,PART-9758,Engine,170.21,0.13621065462499793,1760,Volvo,3,37
EQ-0142,AsphaltPlant,1939,PART-7121,Hydraulic,83.88,0.10724526384398902,2439,Volvo,36,60
EQ-0143,Bulldozer,2655,PART-2200,Filters,969.86,0.15999957090944558,2629,LocalVendor1,20,168
EQ-0144,Bulldozer,2713,PART-3854,Electrical,68.64,0.15070125464495832,2697,Wirtgen,7,186
EQ-0145,Bulldozer,2147,PART-8024,Engine,156.0,0.24417668733394046,1657,Dynapac,20,151
EQ-0146,Bulldozer,1572,PART-7972,Electrical,156.17,0.14241166449876516,1857,Wirtgen,54,175
EQ-0147,Bulldozer,2297,PART-1136,Hydraulic,165.88,0.24623488692791604,1948,CAT,53,16
EQ-0148,Excavator,4857,PART-2029,Filters,103.84,0.127942976478692,6021,LocalVendor2,52,15
EQ-0149,Roller,1817,PART-3594,Hydraulic,508.58,0.21485373125736515,2264,Volvo,9,74
EQ-0150,Bulldozer,2583,PART-8206,Transmission,89.2,0.16600641196957033,3270,CAT,15,144
EQ-0151,Paver,6265,PART-1661,Electrical,352.28,0.2710919779078411,6341,LocalVendor1,11,45
EQ-0152,Paver,1805,PART-3472,Filters,89.66,0.04660895960299001,1996,Volvo,4,157
EQ-0153,Paver,3150,PART-1086,Transmission,71.94,0.06852995975681227,3676,Dynapac,39,110
EQ-0154,Paver,4950,PART-7219,Filters,770.49,0.2782135599260871,3854,Volvo,30,7
EQ-0155,Excavator,3031,PART-9143,Transmission,113.26,0.09867144345595522,3214,LocalVendor2,16,7
EQ-0156,Paver,3747,PART-7968,Hydraulic,566.53,0.10311376493468968,2700,Wirtgen,24,88
EQ-0157,Bulldozer,3336,PART-3773,Engine,285.99,0.0886993490150102,3331,LocalVendor2,24,160
EQ-0158,AsphaltPlant,2925,PART-2700,Electrical,74.32,0.23039121695736064,2319,LocalVendor2,19,155
EQ-0159,Paver,4167,PART-3700,Wear,983.33,0.06225796707424128,3374,Wirtgen,47,180
EQ-0160,Excavator,3106,PART-7815,Wear,135.09,0.15157152885943626,2854,Volvo,20,199
EQ-0161,Excavator,2157,PART-2647,Hydraulic,639.07,0.13140647247536236,2069,LocalVendor1,29,174
EQ-0162,Paver,2495,PART-7038,Electrical,105.47,0.22255609084531042,2679,Wirtgen,27,111
EQ-0163,AsphaltPlant,2754,PART-6164,Electrical,627.13,0.11054221363678485,2050,Wirtgen,11,172
EQ-0164,Paver,1933,PART-6520,Hydraulic,54.0,0.17906908053792917,1937,Dynapac,48,138
EQ-0165,Excavator,2545,PART-4687,Electrical,265.1,0.06801486786359111,2060,Volvo,5,24
EQ-0166,Roller,2383,PART-1596,Engine,490.18,0.3091758727074041,2488,Wirtgen,56,143
EQ-0167,Bulldozer,3102,PART-5545,Hydraulic,869.07,0.1332285372742404,3357,LocalVendor1,3,100
EQ-0168,Excavator,5536,PART-9676,Engine,769.74,0.1506134439419757,5724,CAT,4,128
EQ-0169,Paver,2613,PART-9837,Electrical,563.81,0.26583280511953794,2986,Volvo,8,159
EQ-0170,Bulldozer,4485,PART-5757,Hydraulic,707.29,0.10893290579863533,4042,Dynapac,56,25
EQ-0171,Paver,3053,PART-5384,Electrical,116.65,0.26671676400570316,3538,LocalVendor2,17,118
EQ-0172,Paver,2540,PART-9912,Hydraulic,150.3,0.12119701781034274,2437,Wirtgen,32,17
EQ-0173,Roller,1883,PART-5733,Electrical,152.31,0.19701887286748815,1865,LocalVendor1,11,90
EQ-0174,Bulldozer,2549,PART-8081,Engine,191.99,0.10991228518884907,2775,Volvo,20,39
EQ-0175,Bulldozer,2479,PART-9690,Engine,199.93,0.05507744883986858,1762,LocalVendor1,29,51
EQ-0176,Roller,1655,PART-8117,Electrical,285.94,0.1790216045378431,1807,LocalVendor1,18,160
EQ-0177,Excavator,1780,PART-5729,Hydraulic,102.26,0.1947932380688473,1906,LocalVendor2,29,153
EQ-0178,Paver,2764,PART-2673,Wear,402.56,0.05788799803716328,2448,Dynapac,20,150
EQ-0179,AsphaltPlant,4465,PART-9306,Engine,105.02,0.12850591767639014,3355,Volvo,38,163
EQ-0180,Paver,2263,PART-8178,Engine,161.45,0.2340531273075835,1707,Wirtgen,24,192
EQ-0181,Paver,1092,PART-3294,Transmission,259.96,0.19200832655576272,1369,Dynapac,21,129
EQ-0182,Excavator,673,PART-4630,Wear,527.54,0.12233494987511644,749,Wirtgen,14,114
EQ-0183,Paver,1394,PART-1146,Electrical,453.51,0.1081732008855881,1082,CAT,14,41
EQ-0184,Roller,3185,PART-4453,Hydraulic,361.14,0.2863771027594344,2911,LocalVendor1,44,25
EQ-0185,Roller,1205,PART-5507,Transmission,100.8,0.048714755113799926,1271,CAT,12,18
EQ-0186,Bulldozer,3408,PART-6783,Electrical,287.59,0.14585609979139783,4094,LocalVendor1,49,95
EQ-0187,AsphaltPlant,3108,PART-8751,Filters,77.45,0.047471218841423884,2257,LocalVendor2,16,64
EQ-0188,Paver,2227,PART-6628,Engine,192.14,0.2420370251390997,1875,Dynapac,18,128
EQ-0189,Paver,1043,PART-9328,Filters,210.08,0.14950134714541644,1286,Wirtgen,55,27
EQ-0190,Excavator,1662,PART-4360,Engine,62.19,0.16247218593386042,1172,LocalVendor2,51,115
EQ-0191,Roller,2082,PART-4005,Engine,146.06,0.34382246167393266,1708,Wirtgen,29,128
EQ-0192,AsphaltPlant,2734,PART-4552,Filters,984.69,0.10845691269845245,3486,Dynapac,20,161
EQ-0193,Bulldozer,1225,PART-1018,Filters,971.35,0.27240031398409736,1308,Volvo,5,179
EQ-0194,Roller,4265,PART-3242,Electrical,180.31,0.1226487659914268,3655,CAT,23,34
EQ-0195,Bulldozer,2723,PART-7318,Transmission,63.22,0.1336541279690571,2015,CAT,23,119
EQ-0196,Excavator,2862,PART-6097,Transmission,109.2,0.33467226796344196,2051,Wirtgen,56,94
EQ-0197,Excavator,3098,PART-9640,Filters,199.38,0.13872367359168286,2623,Wirtgen,38,42
EQ-0198,Paver,4083,PART-2948,Electrical,935.69,0.05379400169933263,5017,Wirtgen,40,87
EQ-0199,AsphaltPlant,2552,PART-6618,Transmission,95.67,0.16973431516884185,2423,Dynapac,35,31
EQ-0200,Bulldozer,3185,PART-5236,Electrical,482.56,0.1379084222383097,3606,Volvo,34,108
EQ-0201,Roller,1676,PART-7901,Electrical,84.52,0.1756967089213702,2096,CAT,45,120
EQ-0202,Excavator,4869,PART-2920,Engine,1243.09,0.14064815446705614,4600,LocalVendor2,43,19
EQ-0203,Paver,2474,PART-5188,Transmission,194.19,0.30508812313433353,2015,LocalVendor1,41,191
EQ-0204,Paver,1672,PART-1238,Transmission,497.81,0.18897150871851548,1689,Dynapac,34,7
EQ-0205,Bulldozer,1883,PART-1204,Engine,175.83,0.07475247605919273,2344,CAT,13,14
EQ-0206,Excavator,829,PART-6552,Filters,346.39,0.1587182761416698,980,Volvo,3,124
EQ-0207,AsphaltPlant,1878,PART-5927,Engine,113.96,0.09402591230830726,1388,Dynapac,29,149
EQ-0208,Excavator,572,PART-5390,Transmission,97.35,0.13266003102479323,638,LocalVendor2,11,132
EQ-0209,Bulldozer,3289,PART-3687,Transmission,884.5,0.08626915026032239,3430,CAT,23,15
EQ-0210,Bulldozer,2823,PART-5951,Filters,799.02,0.2974982966244216,3513,Dynapac,18,180
EQ-0211,Excavator,1436,PART-7160,Engine,705.36,0.10160307693752446,1110,CAT,27,137
EQ-0212,Bulldozer,2282,PART-6388,Hydraulic,344.6,0.1981295046395896,2328,CAT,4,73
EQ-0213,Excavator,2329,PART-6126,Hydraulic,545.5,0.1273564404686361,2859,Volvo,8,68
EQ-0214,Roller,1292,PART-1816,Filters,71.46,0.06891107791990467,1222,LocalVendor1,45,18
EQ-0215,Excavator,2102,PART-1192,Engine,172.3,0.16383545120296547,2079,Volvo,9,54
EQ-0216,Excavator,2362,PART-2776,Engine,162.93,0.17804842859599945,1753,CAT,21,158
EQ-0217,Bulldozer,2076,PART-4645,Electrical,352.89,0.18910385729281598,1799,Dynapac,13,76
EQ-0218,Bulldozer,1671,PART-7314,Transmission,182.0,0.01,1495,LocalVendor2,36,73
EQ-0219,Paver,1410,PART-9442,Wear,98.23,0.06356080004316361,1786,Volvo,18,139
EQ-0220,Paver,2042,PART-2788,Filters,322.25,0.21702883033153192,1775,LocalVendor1,29,131
EQ-0221,Roller,1769,PART-8374,Wear,555.22,0.08534751261738455,1727,CAT,42,20
EQ-0222,Paver,3008,PART-4700,Wear,194.44,0.16420608352170776,3317,LocalVendor2,11,187
EQ-0223,Excavator,4194,PART-4893,Filters,92.56,0.06193827133398501,3343,Volvo,23,82
EQ-0224,Bulldozer,3481,PART-7811,Engine,115.7,0.2012120771510908,3452,Volvo,39,105
EQ-0225,Paver,2398,PART-3679,Filters,131.34,0.2151888717196902,2741,Volvo,58,60
EQ-0226,Paver,1701,PART-4904,Wear,156.96,0.20123369343206568,2075,Volvo,34,109
EQ-0227,Roller,3439,PART-8260,Transmission,358.83,0.22227897686475181,3699,LocalVendor2,23,136
EQ-0228,Roller,3088,PART-1504,Transmission,325.6,0.2594730101429673,3401,Dynapac,45,52
EQ-0229,Excavator,4065,PART-7773,Transmission,407.3,0.06781481078737175,3153,LocalVendor1,38,21
EQ-0230,Bulldozer,2553,PART-4816,Engine,185.06,0.09479296481940461,3235,LocalVendor1,14,115
EQ-0231,Roller,4755,PART-1717,Hydraulic,571.18,0.21282804992126564,3706,CAT,28,168
EQ-0232,Paver,2553,PART-5434,Filters,118.48,0.2291153840286237,2973,Wirtgen,16,74
EQ-0233,Bulldozer,1698,PART-1658,Transmission,239.92,0.1027959932499652,1458,Dynapac,23,84
EQ-0234,Bulldozer,1848,PART-6057,Filters,534.24,0.0979279754272091,2328,CAT,31,97
EQ-0235,Paver,2944,PART-5008,Transmission,109.59,0.1043450557048646,3332,CAT,44,42
EQ-0236,Roller,1766,PART-5994,Engine,84.91,0.03764335251692376,2034,Volvo,41,105
EQ-0237,Paver,4740,PART-5234,Hydraulic,695.43,0.06100121724781471,3941,Wirtgen,38,66
EQ-0238,Bulldozer,2837,PART-4764,Hydraulic,175.99,0.06268951484788925,2740,Wirtgen,35,125
EQ-0239,AsphaltPlant,2374,PART-5637,Transmission,395.48,0.12941310683360566,2541,Dynapac,45,52
EQ-0240,AsphaltPlant,2465,PART-3104,Engine,57.7,0.16895855610837682,2864,Wirtgen,35,14
EQ-0241,Excavator,2066,PART-7801,Electrical,401.4,0.18034309821496605,1575,CAT,59,40
EQ-0242,Paver,955,PART-9575,Filters,163.98,0.11440064227070232,1219,Wirtgen,49,161
EQ-0243,Paver,1849,PART-3607,Filters,67.21,0.11612090186033847,2281,Wirtgen,54,8
EQ-0244,Excavator,4479,PART-9385,Wear,332.34,0.15865630466058828,3861,LocalVendor1,36,48
EQ-0245,Excavator,2584,PART-4719,Engine,132.65,0.0452789809995401,3084,CAT,43,60
EQ-0246,Excavator,3656,PART-3581,Wear,196.72,0.21716083724581625,3696,LocalVendor2,20,46
EQ-0247,Bulldozer,3703,PART-3565,Transmission,75.2,0.23997696953099895,3618,Wirtgen,9,118
EQ-0248,Paver,2291,PART-3763,Wear,97.76,0.1062093553618372,2035,Wirtgen,40,145
EQ-0249,Bulldozer,3111,PART-7328,Hydraulic,156.14,0.12210946884558546,3262,Volvo,34,178
EQ-0250,Excavator,1011,PART-6991,Filters,78.21,0.23703185573916186,1150,Wirtgen,45,165
EQ-0251,Paver,4319,PART-4406,Wear,775.15,0.14138638863070704,4088,Wirtgen,29,25
EQ-0252,Bulldozer,4163,PART-9923,Hydraulic,51.82,0.1911771812166141,4485,LocalVendor1,38,83
EQ-0253,Bulldozer,2908,PART-5780,Engine,248.41,0.14353862243394583,3255,CAT,49,189
EQ-0254,Excavator,2626,PART-5177,Wear,89.46,0.2589415171936192,2958,Dynapac,26,73
EQ-0255,Paver,2305,PART-7476,Transmission,160.31,0.1843055739776047,1685,CAT,37,74
EQ-0256,Excavator,3843,PART-3604,Transmission,831.35,0.18833590403434347,4672,Volvo,18,71
EQ-0257,Paver,3270,PART-9181,Transmission,102.91,0.18964145771135107,3188,CAT,25,52
EQ-0258,AsphaltPlant,410,PART-3382,Filters,1062.94,0.11114203845706014,351,Wirtgen,22,165
EQ-0259,Roller,1963,PART-1531,Wear,119.12,0.11757326041542253,1658,Volvo,3,40
EQ-0260,Roller,1320,PART-7079,Engine,455.93,0.20384719476919824,1306,CAT,32,165
EQ-0261,Roller,1195,PART-1634,Wear,287.35,0.1588488980603532,1472,Volvo,45,163
EQ-0262,Excavator,3825,PART-1002,Filters,697.49,0.06756722945317588,3545,Dynapac,34,153
EQ-0263,AsphaltPlant,2283,PART-9397,Hydraulic,292.23,0.2811173097237346,2625,CAT,31,31
EQ-0264,Paver,2887,PART-6951,Filters,279.43,0.21846503071079698,2188,LocalVendor2,13,76
EQ-0265,Bulldozer,2417,PART-6626,Transmission,115.24,0.1526338426691513,2382,Wirtgen,45,105
EQ-0266,Paver,1203,PART-8739,Hydraulic,104.54,0.13085493127400244,1557,Volvo,13,194
EQ-0267,Bulldozer,1023,PART-7003,Transmission,794.83,0.1639073100271058,1188,LocalVendor2,52,100
EQ-0268,Paver,1900,PART-3890,Electrical,169.18,0.1862264069410199,1570,LocalVendor2,58,132
EQ-0269,AsphaltPlant,1976,PART-7239,Filters,189.6,0.01,1977,LocalVendor1,50,30
EQ-0270,Bulldozer,1976,PART-9026,Filters,477.91,0.29786447966400276,1660,Volvo,53,70
EQ-0271,Excavator,2002,PART-4306,Engine,174.12,0.09470809835831559,1893,LocalVendor2,25,144
EQ-0272,Paver,5372,PART-1897,Wear,961.36,0.149866605690787,6274,LocalVendor1,25,26
EQ-0273,Paver,3632,PART-1670,Hydraulic,451.74,0.1524406817945402,4223,LocalVendor2,59,21
EQ-0274,Bulldozer,2600,PART-8291,Hydraulic,322.97,0.2897795153082196,2175,Wirtgen,12,11
EQ-0275,Excavator,2256,PART-2505,Engine,688.33,0.14383133112953136,2827,Dynapac,14,111
EQ-0276,Excavator,2293,PART-7460,Engine,65.26,0.26119551060475404,2420,LocalVendor1,28,72
EQ-0277,AsphaltPlant,3217,PART-6167,Wear,139.14,0.17847092286227798,2985,Dynapac,9,132
EQ-0278,Excavator,2247,PART-6255,Transmission,237.67,0.08266805964558353,2249,Volvo,11,41
EQ-0279,Excavator,3469,PART-1249,Wear,127.23,0.1594295227671963,3687,Wirtgen,9,42
EQ-0280,Excavator,2727,PART-7457,Filters,458.66,0.14170438947995612,2824,LocalVendor1,21,100
EQ-0281,Roller,5393,PART-2892,Transmission,804.76,0.07411506605670395,5349,Volvo,9,143
EQ-0282,AsphaltPlant,2185,PART-4439,Electrical,215.37,0.17504059386305693,2191,LocalVendor2,10,5
EQ-0283,Paver,3746,PART-3854,Wear,175.63,0.15154719248948992,3018,CAT,8,157
EQ-0284,Bulldozer,1380,PART-4792,Engine,1027.52,0.1889495193820978,1638,Volvo,15,46
EQ-0285,Paver,1722,PART-6330,Transmission,226.56,0.16353469457188202,1765,Dynapac,29,184
EQ-0286,AsphaltPlant,5071,PART-8871,Wear,251.44,0.10442279720901507,3948,Wirtgen,3,156
EQ-0287,Bulldozer,3404,PART-9235,Hydraulic,180.0,0.20378337946032202,3947,Wirtgen,58,185
EQ-0288,AsphaltPlant,2910,PART-4612,Electrical,770.88,0.10629212038224946,3665,Volvo,44,188
EQ-0289,Excavator,6011,PART-3618,Filters,302.46,0.01,7624,LocalVendor2,9,67
EQ-0290,Bulldozer,2271,PART-5678,Hydraulic,480.87,0.15900570635679517,2092,CAT,14,85
EQ-0291,Excavator,3742,PART-4163,Hydraulic,551.09,0.1112148390936207,2923,Dynapac,22,12
EQ-0292,Paver,3864,PART-3942,Electrical,175.5,0.17674913530776443,3906,Volvo,48,191
EQ-0293,Paver,4579,PART-9411,Filters,220.59,0.28992102151578003,3514,Volvo,29,177
EQ-0294,Bulldozer,1301,PART-2925,Engine,616.1,0.29194177852036407,1639,Wirtgen,36,31
EQ-0295,Bulldozer,2264,PART-3972,Transmission,185.42,0.1384413954444712,1834,Dynapac,24,56
EQ-0296,AsphaltPlant,2706,PART-1990,Filters,523.87,0.0921439380127761,2304,CAT,47,150
EQ-0297,AsphaltPlant,4546,PART-2812,Wear,899.03,0.19092782973425454,4291,Wirtgen,16,95
EQ-0298,Excavator,2858,PART-9995,Hydraulic,342.82,0.12408420856935518,2657,Volvo,3,90
EQ-0299,Bulldozer,3868,PART-1489,Wear,456.01,0.17742435656428598,4551,Wirtgen,52,20
EQ-0300,Paver,1242,PART-6876,Engine,540.58,0.1037397466441202,1209,Wirtgen,13,70
EQ-0301,AsphaltPlant,2026,PART-4645,Wear,609.38,0.16754846912159266,1625,LocalVendor1,58,9
EQ-0302,AsphaltPlant,4157,PART-8081,Filters,200.78,0.09316180933945664,3576,Wirtgen,53,86
EQ-0303,Paver,2151,PART-3891,Wear,65.79,0.23289773912220263,2162,LocalVendor2,37,135
EQ-0304,AsphaltPlant,2350,PART-4516,Engine,204.19,0.10870156164731712,1852,Wirtgen,4,122
EQ-0305,Excavator,4514,PART-4340,Engine,386.03,0.19627717750144785,4816,LocalVendor2,6,85
EQ-0306,Bulldozer,1532,PART-7410,Engine,229.54,0.06146629017701366,1592,Dynapac,4,74
EQ-0307,Paver,1708,PART-1053,Filters,464.65,0.20468216996274838,1928,Wirtgen,58,119
EQ-0308,Bulldozer,1176,PART-3575,Engine,182.47,0.08235311515122595,1484,CAT,48,11
EQ-0309,AsphaltPlant,4594,PART-1615,Hydraulic,352.15,0.16828237648821565,5730,LocalVendor2,20,54
EQ-0310,AsphaltPlant,3602,PART-6944,Engine,111.89,0.22162406813435906,4566,LocalVendor2,3,146
EQ-0311,Paver,3562,PART-8404,Wear,465.13,0.13600119710102543,3016,Volvo,45,170
EQ-0312,Excavator,1999,PART-1954,Transmission,286.7,0.07795831624778467,1557,Dynapac,38,115
EQ-0313,Roller,1131,PART-2629,Wear,118.47,0.1847768754995145,996,Wirtgen,55,51
EQ-0314,Paver,969,PART-7859,Transmission,153.56,0.09113130207094164,1198,CAT,18,116
EQ-0315,Roller,4170,PART-9841,Wear,464.22,0.12170280805619398,5351,Volvo,15,165
EQ-0316,Roller,2996,PART-4278,Filters,247.68,0.1685823861647009,3641,Dynapac,29,47
EQ-0317,Excavator,3252,PART-6455,Wear,123.02,0.2452473225275394,2491,LocalVendor2,28,95
EQ-0318,Roller,2650,PART-4801,Filters,1075.85,0.15185873476596282,3361,CAT,55,33
EQ-0319,Roller,1610,PART-3561,Filters,426.71,0.15160002568915865,1535,Wirtgen,11,132
EQ-0320,Excavator,2043,PART-7539,Engine,994.91,0.20162590255359958,1441,LocalVendor1,4,189
EQ-0321,Roller,1420,PART-1370,Hydraulic,217.12,0.15352603276710977,1370,LocalVendor1,37,137
EQ-0322,Roller,1332,PART-1857,Transmission,243.36,0.19448711398830287,969,Dynapac,39,100
EQ-0323,Roller,3472,PART-5886,Engine,734.7,0.2254973482244063,3563,CAT,57,192
EQ-0324,Paver,1014,PART-8485,Engine,273.36,0.12705839948124004,915,Volvo,26,121
EQ-0325,Paver,1424,PART-1383,Filters,418.56,0.01,1401,CAT,23,74
EQ-0326,Paver,2099,PART-5334,Filters,137.18,0.09274510344901735,2241,LocalVendor2,49,134
EQ-0327,Excavator,2449,PART-5290,Transmission,227.57,0.2346077407584712,2990,LocalVendor1,40,74
EQ-0328,AsphaltPlant,1168,PART-3725,Wear,89.53,0.1476364653021642,1281,Dynapac,48,114
EQ-0329,Roller,1000,PART-7204,Wear,119.19,0.12626088103504707,960,Wirtgen,31,175
EQ-0330,Roller,2842,PART-7111,Engine,50.28,0.23167494952422454,3386,CAT,22,136
EQ-0331,Excavator,2583,PART-5251,Electrical,62.02,0.1429072558639073,3211,LocalVendor1,31,60
EQ-0332,Roller,4138,PART-1922,Electrical,1185.4,0.01,3193,Volvo,29,191
EQ-0333,Paver,2467,PART-3915,Wear,133.26,0.04462885572941594,2514,Dynapac,32,93
EQ-0334,AsphaltPlant,2970,PART-8957,Electrical,376.58,0.1793053614571834,2586,Wirtgen,58,141
EQ-0335,Bulldozer,1654,PART-4046,Wear,598.09,0.14531763408836915,1204,CAT,53,135
EQ-0336,Roller,1688,PART-2230,Filters,289.99,0.25182595351804554,1858,Volvo,27,180
EQ-0337,Paver,1231,PART-8647,Engine,99.87,0.09867119213370762,1498,Wirtgen,44,175
EQ-0338,Bulldozer,1662,PART-5933,Hydraulic,440.71,0.12833494665973438,1325,LocalVendor2,23,104
EQ-0339,AsphaltPlant,2029,PART-4940,Engine,325.08,0.0880847848857986,2409,LocalVendor1,22,133
EQ-0340,Bulldozer,3957,PART-7483,Wear,444.19,0.11355840756236829,4796,LocalVendor2,2,61
EQ-0341,Paver,1542,PART-1203,Wear,490.57,0.01756672691224631,1925,LocalVendor1,38,185
EQ-0342,Bulldozer,5501,PART-1160,Engine,1161.63,0.12300207351646278,4726,Volvo,14,148
EQ-0343,Excavator,3087,PART-9960,Transmission,305.69,0.14636917953610687,3835,LocalVendor2,22,55
EQ-0344,Bulldozer,2809,PART-4748,Wear,175.4,0.1404568410274021,2506,LocalVendor1,47,116
EQ-0345,Roller,2380,PART-7718,Electrical,363.63,0.3004687284612967,2454,Dynapac,10,108
EQ-0346,Roller,2178,PART-3581,Electrical,71.27,0.2783439204023887,1590,Volvo,18,131
EQ-0347,Excavator,1781,PART-2093,Wear,733.07,0.09743703703272401,1293,LocalVendor1,48,59
EQ-0348,Paver,1144,PART-5500,Wear,88.14,0.01,1295,CAT,22,5
EQ-0349,Roller,1568,PART-9799,Transmission,169.18,0.14305597529479103,1515,LocalVendor1,32,94
EQ-0350,AsphaltPlant,4589,PART-6710,Electrical,557.43,0.17635570967194344,3917,LocalVendor2,40,160
EQ-0351,Roller,3003,PART-3875,Wear,322.88,0.08976611486320152,2445,Dynapac,55,57
EQ-0352,Roller,4571,PART-4191,Wear,200.08,0.09323170562519939,5037,Wirtgen,23,190
EQ-0353,Paver,1759,PART-2837,Transmission,242.41,0.26077884785187727,1231,Wirtgen,13,77
EQ-0354,Bulldozer,1399,PART-1689,Transmission,628.37,0.13197139001982872,1655,LocalVendor1,56,192
EQ-0355,Roller,2370,PART-4759,Engine,174.66,0.1963575129987017,1771,Wirtgen,7,191
EQ-0356,Excavator,1596,PART-3103,Transmission,661.26,0.08487860115018883,1300,LocalVendor1,54,112
EQ-0357,Bulldozer,2595,PART-1365,Hydraulic,77.68,0.1460141678892645,2417,Dynapac,17,154
EQ-0358,AsphaltPlant,1023,PART-9092,Electrical,499.9,0.1264563152455841,1013,Wirtgen,27,12
EQ-0359,Paver,774,PART-5172,Engine,614.27,0.10272387328376983,706,LocalVendor2,6,181
EQ-0360,AsphaltPlant,2761,PART-7033,Hydraulic,110.2,0.2308710288065185,2463,LocalVendor2,10,46
EQ-0361,Bulldozer,4646,PART-3378,Wear,218.82,0.052778609325688994,5939,CAT,47,159
EQ-0362,Bulldozer,2815,PART-2205,Wear,104.28,0.17100397778579027,3054,LocalVendor1,41,171
EQ-0363,Bulldozer,2989,PART-5988,Engine,417.87,0.12514148411566509,2134,Wirtgen,15,29
EQ-0364,AsphaltPlant,2416,PART-6669,Transmission,279.94,0.1790377137425112,2314,LocalVendor2,45,42
EQ-0365,Bulldozer,2521,PART-3735,Wear,352.62,0.12608963574471496,3088,Dynapac,43,89
EQ-0366,AsphaltPlant,1115,PART-9490,Filters,115.63,0.21070351433432574,982,Dynapac,31,156
EQ-0367,Bulldozer,1625,PART-1956,Engine,121.38,0.08422081812234937,1229,CAT,53,28
EQ-0368,Excavator,3939,PART-7623,Hydraulic,62.71,0.23102872341727182,4549,Dynapac,53,64
EQ-0369,Bulldozer,1341,PART-2474,Engine,166.61,0.14798381137279049,1426,Dynapac,27,182
EQ-0370,AsphaltPlant,2007,PART-5460,Electrical,296.12,0.05700482296894134,2091,Wirtgen,54,115
EQ-0371,Roller,3904,PART-8002,Transmission,635.44,0.19761508191319763,2858,LocalVendor1,46,70
EQ-0372,Bulldozer,2489,PART-7396,Transmission,379.82,0.1360805179537644,1952,Volvo,30,146
EQ-0373,Roller,2546,PART-3828,Engine,221.49,0.03045134517023189,2733,Dynapac,20,57
EQ-0374,Excavator,2015,PART-3850,Wear,968.05,0.1732727658631209,1661,Dynapac,48,164
EQ-0375,Paver,3184,PART-3964,Wear,431.08,0.220461700069439,3191,Volvo,9,110
EQ-0376,Excavator,3526,PART-5594,Filters,848.49,0.23974950182520915,3620,Dynapac,24,100
EQ-0377,Bulldozer,1583,PART-7644,Filters,274.97,0.12351536821801634,1377,Wirtgen,54,180
EQ-0378,Roller,1170,PART-3850,Transmission,139.89,0.16017226387280165,1484,Wirtgen,43,43
EQ-0379,Roller,858,PART-1165,Filters,66.28,0.1535375439955038,1034,Volvo,36,172
EQ-0380,AsphaltPlant,2926,PART-1919,Hydraulic,438.48,0.2542861842099947,3316,LocalVendor2,32,46
EQ-0381,Roller,2778,PART-9305,Filters,88.79,0.09326579923386782,2074,Dynapac,54,115
EQ-0382,AsphaltPlant,6194,PART-4504,Hydraulic,158.19,0.11747383834568208,4730,LocalVendor2,36,108
EQ-0383,Paver,2422,PART-1991,Filters,278.09,0.09156957833851354,2411,Dynapac,33,81
EQ-0384,Bulldozer,2228,PART-7047,Transmission,299.32,0.04855946338209789,1774,LocalVendor1,59,12
EQ-0385,AsphaltPlant,2634,PART-4839,Transmission,325.32,0.16734510267364572,3389,Dynapac,6,30
EQ-0386,Paver,2698,PART-2258,Hydraulic,104.55,0.26209088322443114,2145,Wirtgen,17,144
EQ-0387,Roller,2149,PART-8609,Engine,193.28,0.13610608790394574,2132,CAT,18,47
EQ-0388,Roller,1608,PART-9706,Transmission,338.07,0.0882672364919806,1476,CAT,33,183
EQ-0389,Paver,2363,PART-5804,Engine,1100.16,0.1630801791562448,2560,CAT,39,114
EQ-0390,Roller,2323,PART-1067,Wear,440.18,0.1912382725140859,1805,CAT,59,104
EQ-0391,Paver,2306,PART-6660,Hydraulic,817.65,0.13905458037943993,2209,LocalVendor2,33,67
EQ-0392,AsphaltPlant,3332,PART-5478,Transmission,480.91,0.24824747323679242,2881,LocalVendor2,53,53
EQ-0393,AsphaltPlant,2344,PART-9210,Electrical,318.74,0.09313466739987344,2889,Dynapac,21,119
EQ-0394,Paver,1183,PART-4521,Wear,113.97,0.1299121254441346,856,LocalVendor2,49,159
EQ-0395,AsphaltPlant,1734,PART-1572,Engine,379.6,0.17071915333900733,2164,Dynapac,57,141
EQ-0396,AsphaltPlant,2137,PART-8082,Transmission,342.96,0.17750746268324788,2563,LocalVendor1,3,171
EQ-0397,AsphaltPlant,2395,PART-8832,Hydraulic,326.74,0.15330596646087125,2104,Dynapac,21,69
EQ-0398,Excavator,2953,PART-6395,Filters,251.88,0.060510605434999615,3465,CAT,48,75
EQ-0399,Bulldozer,2403,PART-3258,Electrical,275.65,0.31366079829444304,1727,Volvo,19,11
EQ-0400,Roller,783,PART-7039,Engine,172.14,0.133482105946773,1002,Volvo,2,84
EQ-0401,Excavator,1255,PART-1650,Wear,269.76,0.15771872630092598,1275,Wirtgen,59,71
EQ-0402,AsphaltPlant,3043,PART-6741,Hydraulic,116.03,0.19317327652210864,2683,Wirtgen,30,142
EQ-0403,Paver,2110,PART-7838,Electrical,540.7,0.10544462461453294,1936,Dynapac,30,185
EQ-0404,AsphaltPlant,2497,PART-3587,Hydraulic,111.66,0.1539848494609543,1847,Volvo,20,105
EQ-0405,Bulldozer,1987,PART-8876,Transmission,76.64,0.10259668336426939,2570,CAT,45,99
EQ-0406,AsphaltPlant,1731,PART-4262,Filters,221.94,0.17908855190319617,1252,LocalVendor2,41,91
EQ-0407,Paver,2021,PART-2338,Wear,372.15,0.13067841460111013,2208,CAT,7,189
EQ-0408,Bulldozer,2511,PART-5996,Hydraulic,222.72,0.1688102969113268,2424,CAT,45,95
EQ-0409,AsphaltPlant,2336,PART-6780,Engine,147.2,0.07674238574600788,2965,Dynapac,40,107
EQ-0410,Bulldozer,3516,PART-3827,Transmission,295.05,0.09197584961956559,2980,Dynapac,51,130
EQ-0411,Roller,1068,PART-6232,Transmission,177.85,0.05444015262002384,1088,LocalVendor1,55,159
EQ-0412,Roller,1146,PART-3217,Wear,860.33,0.10026289444716545,1133,CAT,47,186
EQ-0413,AsphaltPlant,2098,PART-4539,Transmission,817.81,0.01,2353,CAT,9,117
EQ-0414,Bulldozer,2968,PART-8845,Engine,259.37,0.1285029856018521,2198,Dynapac,25,8
EQ-0415,Paver,3253,PART-5383,Hydraulic,169.2,0.11260318096259514,2655,Dynapac,21,92
EQ-0416,AsphaltPlant,1764,PART-3961,Wear,450.83,0.16056376745375486,1461,LocalVendor1,55,155
EQ-0417,Roller,504,PART-4226,Transmission,61.22,0.15312254071040024,576,LocalVendor1,15,180
EQ-0418,Roller,1791,PART-7837,Transmission,243.18,0.23799558379367491,1456,Wirtgen,6,174
EQ-0419,AsphaltPlant,2782,PART-8031,Engine,172.99,0.33160171293418783,2904,Volvo,42,7
EQ-0420,Bulldozer,2316,PART-4716,Filters,809.73,0.22962773092054445,1920,CAT,41,95
EQ-0421,Roller,3016,PART-4414,Filters,53.62,0.11828246874374385,3670,CAT,35,7
EQ-0422,Bulldozer,3879,PART-2448,Transmission,291.43,0.11546264752030769,4908,LocalVendor1,17,160
EQ-0423,Roller,2166,PART-1570,Hydraulic,454.89,0.21080641296490005,2190,LocalVendor1,46,195
EQ-0424,Roller,1886,PART-3904,Wear,249.09,0.03216587137990172,1718,Wirtgen,8,85
EQ-0425,Excavator,1502,PART-3505,Transmission,76.78,0.12793579516855647,1262,Volvo,17,163
EQ-0426,Roller,1143,PART-1917,Electrical,1127.65,0.13332929454692993,834,Wirtgen,8,142
EQ-0427,Paver,988,PART-7982,Wear,268.95,0.1908892039373168,850,Volvo,28,181
EQ-0428,AsphaltPlant,1682,PART-8427,Filters,335.72,0.19297064422985463,1837,LocalVendor2,15,98
EQ-0429,AsphaltPlant,3646,PART-7336,Transmission,131.0,0.09788076217248795,3719,CAT,15,130
EQ-0430,Bulldozer,3144,PART-2678,Engine,248.2,0.12099391368063711,3981,Wirtgen,45,117
EQ-0431,Roller,1845,PART-1615,Electrical,218.19,0.18115729783828946,1730,LocalVendor1,34,153
EQ-0432,Paver,5525,PART-8086,Transmission,73.35,0.09407555408568645,6167,Wirtgen,34,104
EQ-0433,Bulldozer,1738,PART-5749,Hydraulic,83.67,0.23442829043419983,1726,LocalVendor2,45,57
EQ-0434,Excavator,4040,PART-4505,Electrical,595.07,0.19264226634081688,4070,Wirtgen,21,91
EQ-0435,Bulldozer,4458,PART-5529,Transmission,132.26,0.16200566837363903,3836,CAT,54,93
EQ-0436,Bulldozer,2866,PART-2135,Hydraulic,115.06,0.17736584187966437,2788,LocalVendor2,48,58
EQ-0437,Roller,1675,PART-9566,Electrical,260.91,0.117317656814144,1645,LocalVendor1,37,189
EQ-0438,Excavator,1960,PART-8226,Hydraulic,489.27,0.10615960044686668,2203,LocalVendor1,8,24
EQ-0439,Bulldozer,2538,PART-6162,Hydraulic,69.18,0.12026944487028952,3209,Dynapac,33,117
EQ-0440,Paver,1159,PART-1206,Electrical,307.98,0.18499766845818946,1040,LocalVendor2,49,53
EQ-0441,Paver,1433,PART-5875,Electrical,88.08,0.16407104864960573,1039,Dynapac,4,139
EQ-0442,AsphaltPlant,1375,PART-2319,Hydraulic,61.14,0.1204099878215103,1371,Dynapac,40,33
EQ-0443,Excavator,2962,PART-2141,Filters,66.26,0.20247072203153588,3041,CAT,30,52
EQ-0444,Excavator,3862,PART-5627,Electrical,589.03,0.13782375043646922,3093,Wirtgen,25,17
EQ-0445,AsphaltPlant,3199,PART-8389,Transmission,87.66,0.10146824780875822,3698,LocalVendor1,23,7
EQ-0446,Bulldozer,3583,PART-3690,Wear,63.86,0.16780390565089645,4625,LocalVendor1,7,6
EQ-0447,Excavator,1607,PART-8323,Engine,222.82,0.07908793418640134,2036,Wirtgen,49,20
EQ-0448,Paver,2001,PART-4255,Hydraulic,607.36,0.031894337504500894,1637,LocalVendor1,25,98
EQ-0449,Paver,2072,PART-9281,Hydraulic,141.31,0.14964267971043152,2538,Wirtgen,41,106
EQ-0450,Roller,2861,PART-6213,Engine,214.31,0.10398103444023814,3212,LocalVendor2,24,138
EQ-0451,Excavator,1704,PART-5108,Filters,62.22,0.13220919531311054,1656,CAT,55,49
EQ-0452,Bulldozer,3485,PART-4020,Engine,228.85,0.0823286957298885,3569,CAT,39,75
EQ-0453,AsphaltPlant,4404,PART-2857,Electrical,308.55,0.23462524977917992,5327,CAT,11,137
EQ-0454,AsphaltPlant,2925,PART-9996,Engine,303.82,0.10369550792503031,2890,Wirtgen,17,60
EQ-0455,Bulldozer,1960,PART-3789,Hydraulic,171.23,0.1197600435280433,1810,Wirtgen,12,131
EQ-0456,Roller,1539,PART-4875,Engine,163.73,0.1764518287308264,1532,Volvo,33,36
EQ-0457,AsphaltPlant,1376,PART-8605,Wear,83.82,0.05363699911741217,1441,LocalVendor1,46,53
EQ-0458,Excavator,788,PART-9135,Transmission,187.09,0.04846151587259069,640,LocalVendor1,7,17
EQ-0459,Roller,2102,PART-7055,Electrical,81.44,0.1766666984985389,2607,Volvo,25,162
EQ-0460,Excavator,2046,PART-4882,Engine,486.5,0.11885366586764813,2259,Volvo,34,29
EQ-0461,Paver,3391,PART-8175,Hydraulic,1066.85,0.08689534251740909,3662,CAT,54,64
EQ-0462,Roller,1758,PART-8129,Transmission,1102.71,0.1922361221063124,1335,Volvo,52,63
EQ-0463,AsphaltPlant,2157,PART-6021,Electrical,650.9,0.09316548386244047,2291,Wirtgen,13,160
EQ-0464,Roller,2652,PART-5735,Hydraulic,325.48,0.13078413903157526,2048,Dynapac,57,62
EQ-0465,Roller,2904,PART-3387,Filters,412.06,0.0872708672419241,2169,Wirtgen,28,24
EQ-0466,Roller,3220,PART-7582,Wear,150.73,0.17124060303748767,3272,Volvo,39,166
EQ-0467,Roller,2534,PART-6866,Filters,348.9,0.2432453334901742,2386,LocalVendor1,19,137
EQ-0468,Excavator,1194,PART-3566,Wear,232.45,0.019727204946751953,1257,Wirtgen,46,192
EQ-0469,Paver,2792,PART-1975,Engine,247.34,0.15788603821254518,2103,LocalVendor1,40,175
EQ-0470,Bulldozer,1698,PART-8212,Electrical,475.37,0.20996119093204454,1627,Wirtgen,56,61
EQ-0471,Roller,3942,PART-2262,Engine,149.35,0.12049655768859588,3172,LocalVendor1,14,189
EQ-0472,AsphaltPlant,2356,PART-6047,Wear,164.84,0.07082703379928802,3044,LocalVendor2,54,58
EQ-0473,Roller,2603,PART-8382,Wear,825.65,0.17946744689891825,2698,Wirtgen,41,116
EQ-0474,AsphaltPlant,6422,PART-7231,Wear,67.36,0.22011574523639701,7144,LocalVendor1,31,177
EQ-0475,Excavator,3245,PART-4327,Transmission,249.45,0.2123365524351828,2905,Dynapac,54,90
EQ-0476,AsphaltPlant,2769,PART-6630,Hydraulic,781.87,0.17561365365403792,2095,CAT,50,41
EQ-0477,Bulldozer,2186,PART-3259,Electrical,332.76,0.15685396163260493,2810,Wirtgen,42,88
EQ-0478,Paver,1245,PART-2257,Engine,287.17,0.0870691211230989,1085,Dynapac,53,52
EQ-0479,AsphaltPlant,2114,PART-1464,Engine,136.2,0.21056714652407593,2017,CAT,14,122
EQ-0480,AsphaltPlant,1529,PART-4294,Filters,176.15,0.20669697693467554,1666,Wirtgen,35,186
EQ-0481,Paver,4641,PART-7774,Wear,623.26,0.07033591769413129,3317,Dynapac,37,52
EQ-0482,Bulldozer,2786,PART-8431,Wear,295.76,0.17551358094925437,3304,Dynapac,31,116
EQ-0483,Roller,3879,PART-2230,Wear,266.92,0.19569767128638496,3964,LocalVendor2,26,114
EQ-0484,AsphaltPlant,1734,PART-4805,Engine,81.47,0.21174796404528545,1503,Dynapac,3,10
EQ-0485,Paver,1584,PART-7419,Filters,54.85,0.14475072666109456,1167,LocalVendor2,37,166
EQ-0486,Excavator,3105,PART-6750,Hydraulic,1044.66,0.08997026980976991,2476,Volvo,19,195
EQ-0487,Paver,1500,PART-4856,Transmission,191.96,0.11485186740951683,1855,LocalVendor1,6,82
EQ-0488,Excavator,1892,PART-4135,Electrical,327.31,0.07949250990808268,2103,CAT,20,180
EQ-0489,Bulldozer,4739,PART-7953,Hydraulic,74.92,0.14642575344195125,4027,LocalVendor1,43,27
EQ-0490,Roller,1927,PART-7034,Engine,394.76,0.13271802224019166,1424,LocalVendor1,19,130
EQ-0491,Paver,1112,PART-5589,Transmission,858.98,0.30015254945380954,1239,LocalVendor2,58,88
EQ-0492,AsphaltPlant,901,PART-2546,Transmission,307.17,0.2126273999706692,940,LocalVendor1,33,17
EQ-0493,Bulldozer,1042,PART-7065,Transmission,90.44,0.2178683646822368,982,Dynapac,22,51
EQ-0494,Paver,3980,PART-2094,Wear,311.48,0.182994674357941,3654,LocalVendor2,11,48
EQ-0495,AsphaltPlant,1786,PART-3411,Electrical,486.18,0.12428776473320373,1482,LocalVendor1,38,109
EQ-0496,Paver,6330,PART-3617,Engine,206.47,0.13072270288273483,6974,LocalVendor2,50,164
EQ-0497,Excavator,4426,PART-9954,Engine,685.67,0.13712914901283654,5675,Volvo,23,158
EQ-0498,Paver,5240,PART-5145,Transmission,363.82,0.16317632908907936,4220,LocalVendor2,14,185
EQ-0499,Paver,3623,PART-3775,Engine,738.53,0.17724188671564137,3834,Wirtgen,56,18
EQ-0500,Paver,3033,PART-7628,Electrical,343.06,0.15004960393763653,2895,Dynapac,18,184
EQ-0501,Bulldozer,1556,PART-4155,Electrical,92.22,0.12965810658598068,1506,CAT,10,125
EQ-0502,Paver,2329,PART-4970,Filters,161.19,0.10841190586584107,1985,Wirtgen,25,40
EQ-0503,AsphaltPlant,3169,PART-8972,Filters,117.62,0.052514586955172235,3787,Wirtgen,45,12
EQ-0504,Excavator,3524,PART-9775,Hydraulic,768.5,0.2398365415532656,3492,Wirtgen,15,172
EQ-0505,Excavator,1304,PART-6415,Electrical,478.64,0.304387069778579,1337,LocalVendor1,47,154
EQ-0506,Paver,2130,PART-5331,Electrical,388.47,0.23395357466497757,1880,LocalVendor2,9,20
EQ-0507,Bulldozer,2245,PART-2942,Electrical,157.42,0.061865406184847746,1816,LocalVendor2,56,95
EQ-0508,Bulldozer,2204,PART-7026,Filters,111.02,0.20509115987486243,1656,LocalVendor1,38,124
EQ-0509,AsphaltPlant,1392,PART-9301,Transmission,473.73,0.22166434111345715,1570,Dynapac,20,192
EQ-0510,Paver,4963,PART-1191,Transmission,242.83,0.12175936109650493,4058,LocalVendor1,29,64
EQ-0511,Excavator,2097,PART-1861,Engine,126.77,0.18422490677473202,2336,LocalVendor1,47,14
EQ-0512,Bulldozer,1442,PART-7711,Transmission,337.62,0.11805878772341663,1347,LocalVendor1,42,157
EQ-0513,Paver,5018,PART-1649,Wear,62.35,0.25702502963696183,4764,Dynapac,31,35
EQ-0514,Bulldozer,4428,PART-5134,Filters,168.43,0.17557596455507196,4346,Dynapac,8,25
EQ-0515,Bulldozer,2488,PART-8587,Electrical,239.65,0.0857991156040266,2290,Volvo,59,85
EQ-0516,Excavator,897,PART-9828,Transmission,98.04,0.19688656686065367,682,Volvo,27,37
EQ-0517,Roller,1865,PART-2036,Filters,1303.08,0.22411464714431734,1651,Volvo,41,35
EQ-0518,AsphaltPlant,999,PART-5131,Transmission,120.37,0.16386921557951128,1097,Volvo,47,153
EQ-0519,AsphaltPlant,2933,PART-3148,Hydraulic,91.9,0.18356091842202876,3224,LocalVendor2,55,40
EQ-0520,Excavator,1803,PART-6457,Electrical,118.27,0.14511725995398414,1571,Wirtgen,47,197
EQ-0521,Bulldozer,2303,PART-7079,Hydraulic,489.68,0.07060036827976364,2247,Wirtgen,12,136
EQ-0522,Paver,4818,PART-3430,Electrical,216.28,0.13937863691056446,3931,Volvo,15,72
EQ-0523,Bulldozer,1741,PART-2879,Filters,300.01,0.18661277430744905,1438,Volvo,22,94
EQ-0524,Excavator,2877,PART-8542,Engine,56.37,0.14103811924117335,2053,CAT,9,136
EQ-0525,AsphaltPlant,3262,PART-3011,Transmission,60.51,0.20605357987177136,4038,Wirtgen,4,13
EQ-0526,Bulldozer,3925,PART-4373,Transmission,227.08,0.1225472907161691,3243,CAT,29,34
EQ-0527,AsphaltPlant,2226,PART-8357,Wear,558.92,0.12713864207844208,1862,CAT,30,119
EQ-0528,Paver,2120,PART-2289,Hydraulic,699.47,0.20817839985957332,1839,LocalVendor1,24,49
EQ-0529,AsphaltPlant,2097,PART-2447,Transmission,77.21,0.16552967617621314,1628,LocalVendor2,19,8
EQ-0530,AsphaltPlant,2753,PART-4199,Filters,281.89,0.12117948931910856,2983,Dynapac,36,73
EQ-0531,Roller,4345,PART-7381,Engine,783.35,0.2223663763206037,3237,Wirtgen,14,27
EQ-0532,Roller,2052,PART-8522,Filters,197.29,0.10178849974346305,1601,Volvo,13,20
EQ-0533,Roller,572,PART-7059,Hydraulic,580.82,0.09911357286878557,621,Volvo,48,26
EQ-0534,AsphaltPlant,3424,PART-4183,Wear,93.06,0.01,3094,Dynapac,51,76
EQ-0535,Excavator,2406,PART-6462,Transmission,871.84,0.11122220159957869,2706,Wirtgen,6,52
EQ-0536,AsphaltPlant,2936,PART-4216,Filters,467.6,0.24161016752455977,3037,Volvo,40,194
EQ-0537,Excavator,1019,PART-4136,Electrical,900.77,0.01,869,Volvo,12,192
EQ-0538,Excavator,1807,PART-4318,Engine,388.68,0.08336559018395477,1970,LocalVendor1,59,111
EQ-0539,Roller,3300,PART-3782,Filters,185.49,0.1807347989123119,2540,CAT,12,137
EQ-0540,Bulldozer,1223,PART-8657,Engine,885.06,0.01,1249,Volvo,48,11
EQ-0541,Paver,2874,PART-5920,Transmission,146.71,0.11425109705431646,2765,LocalVendor2,43,55
EQ-0542,Roller,2295,PART-7324,Electrical,171.12,0.22986042509275223,1975,Wirtgen,48,69
EQ-0543,Roller,1626,PART-7327,Wear,412.0,0.29301180612942923,1727,LocalVendor2,32,13
EQ-0544,Bulldozer,1563,PART-9417,Wear,484.85,0.17031725959669225,1911,Dynapac,32,86
EQ-0545,Paver,1399,PART-1776,Electrical,845.23,0.08514730872312179,1817,LocalVendor1,14,49
EQ-0546,AsphaltPlant,2400,PART-6208,Engine,118.75,0.08279098829462021,2555,Wirtgen,15,126
EQ-0547,AsphaltPlant,2529,PART-1687,Transmission,529.84,0.16014355785316328,2384,LocalVendor1,50,179
EQ-0548,Roller,1958,PART-1529,Filters,452.45,0.1696674324815569,1635,CAT,46,199
EQ-0549,Paver,1356,PART-6067,Electrical,69.78,0.28005501320407744,1158,Volvo,43,156
EQ-0550,Roller,2837,PART-9080,Hydraulic,196.93,0.2179563396776042,2802,Wirtgen,26,14
EQ-0551,Excavator,3452,PART-6518,Engine,149.71,0.15588745415219435,3177,Dynapac,34,77
EQ-0552,Roller,3068,PART-3153,Wear,158.93,0.1265354922718407,3829,CAT,34,52
EQ-0553,Roller,5335,PART-7094,Electrical,1271.43,0.3610298196511547,4913,CAT,16,167
EQ-0554,AsphaltPlant,2141,PART-7974,Wear,358.82,0.19386163599971268,1978,LocalVendor1,17,186
EQ-0555,AsphaltPlant,4155,PART-5774,Engine,429.41,0.10318738004957184,3864,CAT,45,91
EQ-0556,AsphaltPlant,1702,PART-8692,Wear,1176.73,0.13427639534859656,2045,Wirtgen,59,115
EQ-0557,Excavator,1572,PART-4103,Electrical,192.06,0.08857816819978298,1714,LocalVendor1,57,20
EQ-0558,AsphaltPlant,2468,PART-3440,Engine,535.6,0.01,2637,CAT,39,57
EQ-0559,Paver,4564,PART-5135,Hydraulic,221.03,0.17188556938451258,4109,Dynapac,7,44
EQ-0560,Bulldozer,2032,PART-8124,Electrical,660.99,0.274771795159012,2419,LocalVendor2,45,104
EQ-0561,Paver,1019,PART-6201,Filters,109.78,0.0358609958426887,736,Wirtgen,26,24
EQ-0562,Paver,3423,PART-1844,Transmission,935.15,0.15386838171153125,4184,Dynapac,16,73
EQ-0563,AsphaltPlant,2250,PART-1446,Electrical,124.07,0.10051666546036819,2267,Dynapac,5,49
EQ-0564,Bulldozer,2671,PART-4915,Engine,168.46,0.18650517678988968,2507,LocalVendor1,57,10
EQ-0565,Bulldozer,1611,PART-4109,Transmission,473.41,0.13793688902928036,1608,Volvo,5,181
EQ-0566,Bulldozer,2457,PART-2234,Electrical,200.14,0.054796174190767905,2703,LocalVendor1,31,43
EQ-0567,Excavator,1099,PART-7587,Hydraulic,331.11,0.0813227400235185,777,Wirtgen,35,106
EQ-0568,AsphaltPlant,4997,PART-1226,Hydraulic,226.41,0.09187896276110546,6110,Wirtgen,28,134
EQ-0569,Bulldozer,3705,PART-5143,Filters,456.87,0.24410227455910455,3586,LocalVendor1,32,111
EQ-0570,Excavator,2407,PART-8185,Wear,127.76,0.24052814938511058,2180,Volvo,57,43
EQ-0571,Roller,3380,PART-6558,Transmission,68.07,0.12820564790211117,2646,LocalVendor1,33,122
EQ-0572,Roller,1704,PART-1186,Engine,156.97,0.23594624034159428,1642,Wirtgen,45,153
EQ-0573,Excavator,3631,PART-3535,Engine,242.91,0.1378771312422678,3622,Volvo,40,172
EQ-0574,Excavator,1990,PART-2932,Wear,105.18,0.1271336069084869,1874,Wirtgen,53,86
EQ-0575,AsphaltPlant,1923,PART-3032,Hydraulic,181.46,0.15399824883858224,2129,Volvo,10,58
EQ-0576,AsphaltPlant,1446,PART-2252,Hydraulic,203.24,0.16993776950365455,1377,Volvo,42,114
EQ-0577,Roller,2821,PART-6509,Electrical,67.73,0.11111886449944988,3601,LocalVendor1,9,16
EQ-0578,Bulldozer,2359,PART-6074,Filters,312.62,0.15153060195275558,2499,LocalVendor1,15,169
EQ-0579,Roller,4215,PART-2881,Transmission,697.14,0.20511257539525662,4992,LocalVendor1,34,114
EQ-0580,Bulldozer,1363,PART-1269,Filters,99.37,0.1590677747444233,1043,Volvo,24,42
EQ-0581,Bulldozer,2827,PART-2630,Filters,323.25,0.1529948031487024,2652,Volvo,22,147
EQ-0582,AsphaltPlant,3865,PART-5405,Electrical,377.85,0.18459261499965565,3486,Wirtgen,56,11
EQ-0583,Paver,6396,PART-7139,Filters,213.07,0.19666942426010264,6662,Dynapac,13,82
EQ-0584,Paver,2549,PART-2574,Wear,412.29,0.1456168926970954,3101,LocalVendor1,58,182
EQ-0585,Excavator,1972,PART-2695,Electrical,208.66,0.11680732600452957,1473,LocalVendor2,3,69
EQ-0586,AsphaltPlant,2520,PART-4258,Wear,260.74,0.16324423124319645,1873,Wirtgen,14,106
EQ-0587,Bulldozer,4065,PART-4262,Electrical,52.21,0.038422538912369034,4919,Wirtgen,5,199
EQ-0588,Paver,4064,PART-2445,Filters,403.02,0.13527746031473015,3363,CAT,21,105
EQ-0589,Bulldozer,2208,PART-7263,Wear,374.83,0.01,2431,LocalVendor1,51,48
EQ-0590,Paver,4033,PART-9411,Wear,61.75,0.03269457515944495,4136,Wirtgen,52,35
EQ-0591,Paver,2308,PART-1052,Wear,187.78,0.02216699054083024,2768,CAT,49,175
EQ-0592,Paver,3364,PART-6570,Electrical,1209.43,0.2233146219717136,2607,LocalVendor2,15,81
EQ-0593,AsphaltPlant,2975,PART-8579,Engine,213.8,0.15097872711785273,2314,LocalVendor2,31,52
EQ-0594,Roller,1935,PART-2666,Filters,259.11,0.06165656837485656,2000,LocalVendor1,30,86
EQ-0595,Bulldozer,1472,PART-7901,Wear,772.15,0.18437462304117497,1866,Volvo,9,131
EQ-0596,AsphaltPlant,3910,PART-3785,Transmission,428.97,0.21920581355565627,3710,CAT,13,193
EQ-0597,AsphaltPlant,4392,PART-1719,Engine,311.73,0.18559398893031614,3935,Volvo,42,88
EQ-0598,AsphaltPlant,2797,PART-9597,Transmission,529.56,0.13679029100551895,2976,LocalVendor2,39,14
EQ-0599,AsphaltPlant,2307,PART-7855,Filters,649.34,0.1662740632893557,2902,LocalVendor2,27,33
EQ-0600,AsphaltPlant,1277,PART-3294,Filters,233.13,0.21310475731999126,1535,Dynapac,51,52
EQ-0601,Excavator,3865,PART-9263,Wear,243.37,0.11715279136361409,5014,Dynapac,3,194
EQ-0602,Bulldozer,2652,PART-5482,Wear,196.35,0.15209068462804778,1892,Dynapac,56,120
EQ-0603,AsphaltPlant,2064,PART-1698,Electrical,1070.71,0.1319964868775498,1584,Dynapac,41,17
EQ-0604,Bulldozer,3406,PART-8243,Engine,408.37,0.03706089031432598,3629,Wirtgen,57,176
EQ-0605,Excavator,1160,PART-6918,Engine,76.07,0.2141597726451011,1383,Dynapac,15,51
EQ-0606,Excavator,1411,PART-1348,Wear,646.24,0.2940090305495807,1229,Wirtgen,7,107
EQ-0607,Bulldozer,1675,PART-6374,Filters,246.5,0.0888343765131167,1412,Wirtgen,43,196
EQ-0608,Paver,2933,PART-8869,Wear,71.37,0.21738761644204094,3438,LocalVendor1,41,95
EQ-0609,Roller,2532,PART-1307,Filters,289.36,0.09106043541668793,1858,Wirtgen,32,57
EQ-0610,Paver,3088,PART-4416,Filters,211.95,0.15929514705539452,2845,Wirtgen,18,96
EQ-0611,Paver,3748,PART-5820,Wear,680.5,0.25556085916528437,3761,Dynapac,26,81
EQ-0612,Paver,3137,PART-4558,Hydraulic,118.44,0.11356927102255222,3250,Wirtgen,33,48
EQ-0613,AsphaltPlant,5045,PART-5478,Engine,575.41,0.14897195099256885,5737,Volvo,13,160
EQ-0614,Excavator,3745,PART-7531,Transmission,294.72,0.02389479024443461,3418,Dynapac,50,6
EQ-0615,Paver,2205,PART-5620,Filters,66.85,0.10350569592376378,2354,CAT,14,105
EQ-0616,Excavator,1801,PART-3985,Filters,1121.01,0.016560937459950575,1893,Dynapac,20,61
EQ-0617,Bulldozer,2236,PART-9112,Hydraulic,265.61,0.1800424683912499,2299,Wirtgen,45,61
EQ-0618,Roller,3186,PART-9467,Transmission,153.12,0.20821462912661043,3454,Volvo,49,38
EQ-0619,Bulldozer,1893,PART-3547,Electrical,240.13,0.1344855579400437,1619,Dynapac,26,62
EQ-0620,Bulldozer,3225,PART-1336,Hydraulic,635.28,0.17001208770797546,2421,Volvo,32,184
EQ-0621,AsphaltPlant,3063,PART-3979,Transmission,159.11,0.1271988681324687,2363,CAT,38,161
EQ-0622,Roller,1461,PART-4968,Hydraulic,114.21,0.20183817561121054,1219,LocalVendor2,26,39
EQ-0623,Bulldozer,3713,PART-1910,Filters,91.46,0.15906233545876391,3713,CAT,17,79
EQ-0624,Bulldozer,2752,PART-2996,Engine,156.09,0.011003565093750833,3314,LocalVendor2,58,180
EQ-0625,Roller,4935,PART-4129,Hydraulic,504.3,0.2157986572664974,5531,LocalVendor1,39,37
EQ-0626,Roller,2312,PART-6447,Electrical,241.39,0.12273200437917925,2712,LocalVendor2,44,119
EQ-0627,Bulldozer,2020,PART-7129,Wear,127.43,0.06107343701541168,1839,LocalVendor1,50,79
EQ-0628,Roller,1370,PART-6850,Transmission,104.52,0.11927462193591978,1291,Dynapac,59,77
EQ-0629,Bulldozer,1359,PART-5204,Hydraulic,171.37,0.016855124601749205,1272,LocalVendor1,24,82
EQ-0630,Bulldozer,3517,PART-8446,Hydraulic,893.65,0.06250774821326696,2866,Volvo,15,13
EQ-0631,AsphaltPlant,4711,PART-9519,Electrical,176.03,0.16000647270807722,3470,LocalVendor1,7,52
EQ-0632,Paver,2222,PART-1314,Engine,1379.97,0.16586981804383963,2343,Volvo,26,71
EQ-0633,Bulldozer,2155,PART-2134,Hydraulic,249.21,0.17145071839786177,2787,LocalVendor2,24,168
EQ-0634,Excavator,2409,PART-5876,Hydraulic,109.23,0.15022469074344483,1927,LocalVendor2,44,123
EQ-0635,Paver,3826,PART-9102,Engine,715.31,0.10149944135695917,2785,LocalVendor2,13,176
EQ-0636,Paver,1468,PART-9347,Electrical,235.05,0.14618786023776043,1714,LocalVendor1,14,192
EQ-0637,Paver,2600,PART-6592,Transmission,421.02,0.11939547871364803,2214,LocalVendor2,37,195
EQ-0638,AsphaltPlant,3553,PART-2724,Transmission,1285.19,0.0361952881347371,4255,LocalVendor1,40,137
EQ-0639,Bulldozer,2917,PART-4343,Hydraulic,65.44,0.09593095062925883,3273,LocalVendor1,35,123
EQ-0640,AsphaltPlant,462,PART-1886,Engine,80.51,0.2122678861818317,585,Wirtgen,7,90
EQ-0641,Bulldozer,3144,PART-1721,Hydraulic,432.38,0.26118059064384613,2972,Wirtgen,39,110
EQ-0642,AsphaltPlant,2930,PART-8678,Wear,149.31,0.1955892530883082,3214,LocalVendor1,51,80
EQ-0643,AsphaltPlant,4153,PART-4357,Transmission,111.11,0.258058843269469,4065,Volvo,53,44
EQ-0644,Excavator,4543,PART-1870,Filters,62.05,0.15597720270944707,4898,Dynapac,41,23
EQ-0645,AsphaltPlant,4061,PART-7751,Wear,56.63,0.27196632592917774,3938,CAT,9,51
EQ-0646,Roller,2415,PART-1497,Hydraulic,496.81,0.29381419082300064,1963,Wirtgen,9,69
EQ-0647,Excavator,995,PART-2756,Electrical,93.31,0.02865713513746683,999,LocalVendor1,41,199
EQ-0648,AsphaltPlant,5551,PART-2117,Transmission,239.18,0.16550453149929828,5646,CAT,34,150
EQ-0649,Paver,2148,PART-3828,Filters,329.34,0.15605011323612794,2548,Wirtgen,35,182
EQ-0650,Roller,2380,PART-2647,Wear,217.77,0.12031273290911305,2716,Dynapac,45,34
EQ-0651,Roller,4684,PART-7992,Transmission,58.24,0.18443408767059707,5144,Volvo,16,130
EQ-0652,Roller,1619,PART-7771,Engine,509.05,0.15287875480493138,1243,LocalVendor1,37,70
EQ-0653,Excavator,1178,PART-1142,Electrical,53.17,0.09851857557255696,1333,Dynapac,58,9
EQ-0654,AsphaltPlant,1899,PART-3761,Wear,480.51,0.14813764264741128,1899,Wirtgen,36,97
EQ-0655,AsphaltPlant,1662,PART-4435,Engine,721.33,0.2343216205557873,2054,LocalVendor1,47,101
EQ-0656,Paver,1120,PART-7622,Hydraulic,220.13,0.1627776667817873,1402,CAT,23,174
EQ-0657,Paver,2244,PART-8069,Engine,280.07,0.19388683237792928,1645,LocalVendor2,24,98
EQ-0658,Roller,2423,PART-5512,Wear,244.44,0.13060628298046362,2889,Volvo,41,110
EQ-0659,Paver,1086,PART-2848,Wear,197.9,0.18164448071061304,784,Wirtgen,46,137
EQ-0660,Excavator,2015,PART-3696,Hydraulic,705.24,0.0653549828661774,1854,Volvo,56,182
EQ-0661,AsphaltPlant,1611,PART-2717,Engine,723.11,0.11501956504061453,1651,LocalVendor1,52,89
EQ-0662,Roller,837,PART-4072,Engine,172.76,0.14281319740038503,660,LocalVendor2,23,62
EQ-0663,Paver,2459,PART-3786,Hydraulic,336.41,0.06065648555614235,2822,Dynapac,6,83
EQ-0664,Excavator,2571,PART-4791,Engine,834.81,0.09188482967754094,1812,Volvo,32,12
EQ-0665,Excavator,1611,PART-4871,Transmission,1031.51,0.1719178238001724,1290,CAT,14,163
EQ-0666,Paver,3699,PART-2806,Hydraulic,263.37,0.15908823414016227,3878,Wirtgen,29,16
EQ-0667,AsphaltPlant,2356,PART-2504,Electrical,230.9,0.2064455797260396,2659,CAT,59,153
EQ-0668,Paver,1648,PART-4308,Wear,148.01,0.10796422872703851,2059,Volvo,21,98
EQ-0669,Roller,1050,PART-8117,Electrical,1007.32,0.1540321558203669,1179,LocalVendor2,34,194
EQ-0670,Paver,2633,PART-6048,Transmission,96.23,0.10296928123813201,2904,Dynapac,17,95
EQ-0671,Excavator,2927,PART-9263,Transmission,310.13,0.19942899843765283,2741,Dynapac,30,37
EQ-0672,Paver,1849,PART-2690,Filters,149.62,0.2333522281217673,1295,CAT,24,158
EQ-0673,AsphaltPlant,2495,PART-4303,Filters,148.14,0.1838327379076962,1926,LocalVendor1,25,104
EQ-0674,Bulldozer,4543,PART-4113,Filters,205.74,0.2242835993393608,4637,LocalVendor1,35,172
EQ-0675,Paver,3442,PART-8850,Hydraulic,2065.87,0.15227499040215034,3803,LocalVendor2,8,197
EQ-0676,AsphaltPlant,695,PART-7416,Engine,66.96,0.2063915684496623,660,Dynapac,39,191
EQ-0677,AsphaltPlant,1639,PART-2504,Transmission,309.21,0.1552792419828722,1865,CAT,38,19
EQ-0678,Excavator,2194,PART-9924,Electrical,75.85,0.07825503533899623,2222,CAT,5,118
EQ-0679,AsphaltPlant,2417,PART-4924,Electrical,100.36,0.16727049720890244,1799,CAT,35,133
EQ-0680,AsphaltPlant,2520,PART-9615,Electrical,223.71,0.08032923143466433,2054,Volvo,43,15
EQ-0681,AsphaltPlant,2843,PART-5485,Electrical,264.29,0.3137390266098238,3422,LocalVendor2,23,59
EQ-0682,AsphaltPlant,2228,PART-9100,Filters,139.84,0.1266138288857266,2528,LocalVendor1,6,6
EQ-0683,Roller,2353,PART-9684,Electrical,164.14,0.1951526498814298,2910,LocalVendor1,51,69
EQ-0684,Roller,3521,PART-1191,Engine,77.29,0.14913107463320838,2713,Volvo,43,176
EQ-0685,Excavator,2657,PART-9690,Filters,158.39,0.06364706031748658,3438,Wirtgen,24,20
EQ-0686,Paver,1303,PART-5917,Electrical,1069.39,0.017103387895479993,1075,Volvo,55,154
EQ-0687,AsphaltPlant,2452,PART-6831,Hydraulic,918.53,0.20243097685518918,1733,LocalVendor2,16,110
EQ-0688,Paver,2197,PART-5322,Wear,172.34,0.25845386487397415,2852,CAT,32,150
EQ-0689,Paver,833,PART-7999,Wear,303.79,0.09856374049527489,723,Volvo,10,179
EQ-0690,Excavator,2510,PART-8282,Wear,771.04,0.03403152363082866,2763,CAT,44,34
EQ-0691,AsphaltPlant,1390,PART-2874,Filters,51.86,0.12723860873048626,1120,LocalVendor2,59,14
EQ-0692,AsphaltPlant,3544,PART-5763,Electrical,549.3,0.08440180683328867,3714,LocalVendor2,54,190
EQ-0693,Bulldozer,2825,PART-9464,Transmission,939.09,0.10447790240965349,3509,Dynapac,26,66
EQ-0694,Paver,1266,PART-2051,Transmission,78.73,0.19272615898076995,1129,CAT,26,89
EQ-0695,Paver,3473,PART-8538,Transmission,102.82,0.14646758668180132,3827,LocalVendor1,50,138
EQ-0696,Roller,4183,PART-8411,Filters,1021.31,0.09193447087825876,3399,Volvo,22,71
EQ-0697,Bulldozer,2073,PART-7320,Engine,281.36,0.19119505503828366,2228,LocalVendor2,10,45
EQ-0698,Roller,2191,PART-3105,Hydraulic,54.29,0.19668106415530537,1975,CAT,56,175
EQ-0699,Roller,3323,PART-1307,Hydraulic,139.37,0.12640597597687622,2747,Wirtgen,49,22
EQ-0700,Roller,4044,PART-8737,Wear,229.32,0.1596541564642642,3590,Dynapac,39,62
EQ-0701,Excavator,958,PART-4359,Wear,404.18,0.18643513181538823,773,Wirtgen,23,64
EQ-0702,Excavator,1342,PART-4176,Transmission,446.33,0.1798272191688378,1665,LocalVendor2,44,92
EQ-0703,Roller,1917,PART-2251,Transmission,1665.92,0.15284298608758728,1798,Wirtgen,24,31
EQ-0704,Bulldozer,2016,PART-6366,Wear,151.7,0.2502810282757707,1707,Wirtgen,50,72
EQ-0705,Paver,3280,PART-2517,Electrical,281.8,0.190787656911063,3178,Dynapac,5,26
EQ-0706,Bulldozer,4054,PART-7226,Engine,278.64,0.1184524688451587,3617,Dynapac,30,156
EQ-0707,AsphaltPlant,4188,PART-6305,Engine,206.08,0.11887316526107665,4802,Dynapac,16,44
EQ-0708,Excavator,946,PART-6869,Engine,105.6,0.11093395549043283,1213,Dynapac,2,113
EQ-0709,Paver,1566,PART-9039,Engine,1187.69,0.19424846630594678,1507,Wirtgen,55,78
EQ-0710,Paver,1237,PART-5891,Wear,625.84,0.10640767079986653,1504,LocalVendor1,31,70
EQ-0711,AsphaltPlant,1750,PART-5992,Hydraulic,256.95,0.12025706375580353,1819,LocalVendor1,30,172
EQ-0712,AsphaltPlant,1563,PART-2961,Wear,327.33,0.22406156716810688,1241,Dynapac,21,10
EQ-0713,Roller,2821,PART-3863,Engine,127.34,0.16341423734471722,3143,Volvo,34,116
EQ-0714,Excavator,2974,PART-7603,Wear,285.44,0.23389728389848313,2997,CAT,42,22
EQ-0715,Excavator,2340,PART-5567,Engine,406.2,0.20586419113466395,2551,LocalVendor2,45,85
EQ-0716,Bulldozer,2239,PART-7513,Filters,267.19,0.06763297196509556,2762,Volvo,37,106
EQ-0717,Roller,1956,PART-5005,Transmission,1440.23,0.1428506859231509,1886,LocalVendor2,23,114
EQ-0718,Roller,2064,PART-1183,Hydraulic,333.52,0.21929643279779798,2560,Volvo,14,34
EQ-0719,Roller,4521,PART-8755,Filters,189.07,0.06444767543942913,5200,Volvo,8,126
EQ-0720,Roller,3169,PART-4358,Electrical,493.72,0.17937975742510734,3147,LocalVendor1,9,153
EQ-0721,Excavator,1991,PART-7615,Wear,106.07,0.14725344684108793,2114,CAT,29,66
EQ-0722,Excavator,2219,PART-7797,Electrical,195.6,0.02716478805143288,1986,Volvo,46,142
EQ-0723,Roller,2851,PART-9728,Wear,177.83,0.15837615131632535,3678,Dynapac,44,124
EQ-0724,Bulldozer,1266,PART-8678,Transmission,219.59,0.09137723887114269,1393,LocalVendor2,10,111
EQ-0725,Paver,2491,PART-6698,Filters,506.68,0.06826437525185017,1809,LocalVendor1,26,145
EQ-0726,Paver,3092,PART-2273,Transmission,248.6,0.15063984730758428,2770,LocalVendor2,57,80
EQ-0727,Bulldozer,2917,PART-7653,Engine,523.98,0.014840294252289499,3132,Dynapac,17,13
EQ-0728,Roller,1581,PART-2096,Transmission,307.75,0.10279967951905823,1160,Dynapac,11,43
EQ-0729,Excavator,1724,PART-9002,Transmission,175.6,0.3285821976751854,1231,Volvo,12,28
EQ-0730,Paver,781,PART-5247,Engine,548.19,0.19551556753848603,757,Dynapac,32,129
EQ-0731,AsphaltPlant,3237,PART-6314,Wear,131.66,0.08830025656828527,2912,CAT,13,122
EQ-0732,AsphaltPlant,5367,PART-4354,Engine,126.23,0.24829161580702774,5168,Dynapac,32,38
EQ-0733,Bulldozer,1474,PART-1270,Filters,260.66,0.08055695074560063,1264,Volvo,15,65
EQ-0734,Roller,3735,PART-2186,Transmission,140.68,0.11124133928051691,2983,LocalVendor2,52,173
EQ-0735,Paver,5152,PART-7305,Engine,52.74,0.06958040130494982,5736,Dynapac,45,137
EQ-0736,Roller,1865,PART-3398,Transmission,363.49,0.16792559150662145,1881,LocalVendor1,33,83
EQ-0737,Paver,2220,PART-7995,Filters,264.68,0.245804073546799,1820,LocalVendor1,51,54
EQ-0738,Bulldozer,2618,PART-8299,Electrical,226.92,0.08006956372081005,2334,LocalVendor1,54,136
EQ-0739,Bulldozer,2875,PART-5182,Filters,1073.09,0.01,3033,LocalVendor2,18,55
EQ-0740,AsphaltPlant,2682,PART-3230,Hydraulic,304.03,0.22636766721635937,1993,Wirtgen,36,56
EQ-0741,Roller,1935,PART-7511,Hydraulic,647.28,0.25876603507613766,1525,LocalVendor1,2,126
EQ-0742,AsphaltPlant,3071,PART-1128,Hydraulic,95.06,0.010344367350968664,2284,LocalVendor1,30,171
EQ-0743,Roller,1956,PART-4672,Transmission,302.64,0.1822038039012511,2322,Wirtgen,52,12
EQ-0744,AsphaltPlant,2764,PART-5765,Wear,657.44,0.1658553746480702,3182,LocalVendor2,5,117
EQ-0745,Excavator,2301,PART-4970,Wear,312.48,0.09487672865785715,2650,LocalVendor1,24,49
EQ-0746,Excavator,894,PART-8545,Wear,429.77,0.052395103333153684,1010,Volvo,29,92
EQ-0747,Excavator,3978,PART-6552,Transmission,189.59,0.2194225241812589,4382,LocalVendor2,17,32
EQ-0748,Excavator,1747,PART-1627,Filters,79.1,0.16253493720200365,1722,LocalVendor1,13,123
EQ-0749,Paver,4155,PART-7589,Wear,233.69,0.16780985201987045,4509,LocalVendor1,54,111
EQ-0750,Excavator,3669,PART-3044,Electrical,200.5,0.10647614530167591,2652,Wirtgen,22,31
EQ-0751,Bulldozer,2582,PART-3341,Hydraulic,655.36,0.09386635568850296,2770,Volvo,46,197
EQ-0752,Bulldozer,2942,PART-6884,Filters,133.91,0.01,3432,LocalVendor2,18,166
EQ-0753,Paver,3101,PART-9185,Hydraulic,1070.97,0.13403803791505844,3101,Dynapac,41,85
EQ-0754,Excavator,2126,PART-1249,Wear,1002.01,0.2507178465617956,1944,CAT,14,105
EQ-0755,Excavator,2173,PART-3925,Filters,135.36,0.08768219059659424,1882,Volvo,53,66
EQ-0756,Excavator,3034,PART-6043,Engine,178.34,0.04343097140132819,3293,Dynapac,59,66
EQ-0757,AsphaltPlant,2313,PART-1974,Electrical,727.73,0.18049651965199012,2580,Volvo,33,170
EQ-0758,Roller,1938,PART-8192,Wear,1069.96,0.19340559989124353,2369,Dynapac,38,30
EQ-0759,AsphaltPlant,1594,PART-3672,Wear,225.79,0.10898658275231768,1443,Dynapac,51,125
EQ-0760,Roller,2801,PART-8279,Electrical,166.14,0.12558648747102508,3254,Volvo,16,28
EQ-0761,Excavator,1719,PART-8531,Electrical,274.02,0.16847321820531308,1782,Wirtgen,13,43
EQ-0762,Excavator,3394,PART-9662,Engine,399.2,0.13911153719594713,4173,Volvo,50,128
EQ-0763,AsphaltPlant,3521,PART-2987,Wear,145.84,0.22000905350277872,3579,Volvo,58,25
EQ-0764,AsphaltPlant,2932,PART-1090,Transmission,450.08,0.32060698031469537,2963,Dynapac,16,98
EQ-0765,Roller,3207,PART-9721,Wear,65.91,0.030358551136668077,3356,CAT,35,179
EQ-0766,Bulldozer,2936,PART-5059,Hydraulic,65.17,0.23608285913905863,3375,Dynapac,7,119
EQ-0767,Roller,3309,PART-3773,Filters,196.47,0.15736817907163336,4231,LocalVendor1,18,180
EQ-0768,AsphaltPlant,3246,PART-9383,Filters,180.84,0.24717406571979128,2415,Volvo,49,125
EQ-0769,AsphaltPlant,2733,PART-8409,Hydraulic,163.78,0.20070481578859756,2000,LocalVendor2,50,17
EQ-0770,Paver,3690,PART-5440,Filters,252.6,0.1542809521954998,4658,Volvo,58,135
EQ-0771,AsphaltPlant,2161,PART-8347,Electrical,166.02,0.20320160597087236,2199,Wirtgen,21,164
EQ-0772,Paver,1617,PART-2008,Filters,114.05,0.12240909601706416,1728,LocalVendor2,10,167
EQ-0773,Bulldozer,1577,PART-4783,Filters,161.09,0.09579890045266015,1560,Dynapac,6,23
EQ-0774,Roller,2016,PART-7646,Hydraulic,1155.52,0.20676041809188445,1524,Wirtgen,24,146
EQ-0775,Roller,827,PART-5298,Engine,208.86,0.09089700858473469,960,Volvo,34,180
EQ-0776,Paver,2571,PART-5668,Filters,226.48,0.19496608141490976,2952,Dynapac,39,85
EQ-0777,Roller,3120,PART-5287,Transmission,307.79,0.1521523308161249,2767,Dynapac,57,127
EQ-0778,AsphaltPlant,3499,PART-3052,Filters,1278.44,0.01,3092,LocalVendor1,15,72
EQ-0779,Excavator,992,PART-7009,Engine,132.96,0.10979322846759422,1193,LocalVendor1,18,177
EQ-0780,Paver,1602,PART-2716,Hydraulic,393.03,0.17343867365172352,1190,CAT,58,23
EQ-0781,Roller,3348,PART-1310,Engine,427.62,0.12157995352640553,4113,LocalVendor1,20,68
EQ-0782,Paver,2130,PART-5538,Hydraulic,330.43,0.01,1819,LocalVendor2,34,105
EQ-0783,Paver,3089,PART-2260,Electrical,77.82,0.2424525089478312,3261,Dynapac,2,70
EQ-0784,Excavator,1234,PART-4932,Hydraulic,388.91,0.1618562535890128,1556,LocalVendor1,14,70
EQ-0785,AsphaltPlant,4133,PART-1584,Electrical,69.87,0.1810617503888864,4574,CAT,47,79
EQ-0786,Paver,1185,PART-8616,Electrical,322.01,0.11687066934752292,1124,Volvo,28,49
EQ-0787,Roller,355,PART-9551,Hydraulic,453.64,0.18720427817026605,395,LocalVendor2,7,91
EQ-0788,Bulldozer,2537,PART-3866,Transmission,121.09,0.2784374101210692,2299,LocalVendor1,7,71
EQ-0789,Paver,2567,PART-6898,Wear,602.83,0.09854489114608495,2223,Dynapac,34,7
EQ-0790,Paver,1841,PART-3011,Hydraulic,59.25,0.26669088937499497,2389,Volvo,31,170
EQ-0791,Excavator,2886,PART-7251,Filters,607.01,0.1778994846124405,3320,Dynapac,47,174
EQ-0792,AsphaltPlant,2922,PART-5939,Transmission,235.04,0.08913970763741953,3175,Volvo,36,172
EQ-0793,Bulldozer,2783,PART-5006,Transmission,123.61,0.3048673446313706,2541,LocalVendor2,24,182
EQ-0794,Roller,1825,PART-2625,Filters,93.08,0.17741481679222526,1331,Dynapac,11,167
EQ-0795,Bulldozer,1660,PART-1890,Wear,969.25,0.19735350681411287,1192,LocalVendor1,52,28
EQ-0796,Roller,1918,PART-7078,Transmission,72.63,0.13114535266912694,1980,LocalVendor1,20,92
EQ-0797,AsphaltPlant,1552,PART-8036,Electrical,116.6,0.09425713482693376,1796,CAT,52,21
EQ-0798,Roller,3765,PART-9923,Wear,178.23,0.16174692712730526,3849,Volvo,29,44
EQ-0799,Excavator,1996,PART-4961,Filters,340.46,0.260702460643833,2404,CAT,24,198
EQ-0800,Excavator,2505,PART-3504,Wear,286.11,0.12832381314700175,1803,Wirtgen,5,176
EQ-0801,Excavator,3342,PART-9806,Hydraulic,90.28,0.14812741280981032,3074,LocalVendor1,21,155
EQ-0802,Excavator,1516,PART-4806,Wear,152.63,0.25194299303857093,1276,Volvo,20,10
EQ-0803,Bulldozer,1160,PART-7100,Electrical,131.84,0.12897712079370316,1123,LocalVendor2,43,198
EQ-0804,AsphaltPlant,1555,PART-2719,Hydraulic,122.07,0.18571934178183847,1156,CAT,28,153
EQ-0805,Roller,2628,PART-7686,Engine,208.87,0.21141453547177882,3344,LocalVendor2,58,123
EQ-0806,Roller,2548,PART-2587,Filters,415.25,0.13622533357861116,2124,LocalVendor2,35,124
EQ-0807,Excavator,2781,PART-8000,Filters,123.56,0.17168863152399458,3485,LocalVendor2,5,39
EQ-0808,Excavator,2223,PART-1896,Wear,187.03,0.19627719443768213,2124,CAT,57,117
EQ-0809,Paver,566,PART-6558,Transmission,198.74,0.12193593645191111,730,Wirtgen,39,33
EQ-0810,AsphaltPlant,2191,PART-9469,Hydraulic,1174.67,0.20710356154929951,2262,CAT,8,11
EQ-0811,Bulldozer,3539,PART-5647,Engine,978.11,0.11171097415811927,4453,Dynapac,49,57
EQ-0812,Roller,3939,PART-3432,Hydraulic,533.04,0.10274386947276562,2769,LocalVendor1,8,169
EQ-0813,Paver,2430,PART-4904,Filters,132.99,0.04310712574256799,2791,CAT,51,27
EQ-0814,Paver,2553,PART-7837,Hydraulic,71.14,0.1147576359269259,3170,CAT,53,101
EQ-0815,Roller,3063,PART-2449,Engine,164.34,0.09291481086908453,2400,Wirtgen,27,140
EQ-0816,Bulldozer,3890,PART-5500,Transmission,143.1,0.12193882306215179,2947,Dynapac,27,80
EQ-0817,Paver,2333,PART-6454,Wear,261.52,0.19283948423401417,2227,CAT,55,180
EQ-0818,Paver,3044,PART-5117,Electrical,501.16,0.02920280226374279,3836,LocalVendor1,20,14
EQ-0819,AsphaltPlant,1787,PART-9869,Hydraulic,636.26,0.011773037378902423,1832,LocalVendor1,10,121
EQ-0820,Bulldozer,1247,PART-3028,Electrical,609.04,0.0975644548344102,1267,CAT,21,28
EQ-0821,Paver,1877,PART-7845,Filters,183.73,0.182286134551066,1472,LocalVendor2,43,179
EQ-0822,Bulldozer,4280,PART-4758,Wear,398.69,0.17022054629137803,2998,LocalVendor2,46,185
EQ-0823,Roller,3071,PART-6904,Wear,162.55,0.09644563669623518,3642,Dynapac,51,43
EQ-0824,Excavator,1306,PART-5624,Hydraulic,68.85,0.23185857625095233,982,LocalVendor1,17,199
EQ-0825,Paver,3135,PART-9848,Transmission,412.76,0.10391130454171613,3386,LocalVendor2,55,70
EQ-0826,AsphaltPlant,1356,PART-1165,Wear,52.96,0.18237177902889887,1693,LocalVendor1,18,10
EQ-0827,Roller,2763,PART-5591,Hydraulic,207.87,0.12460495707260795,2280,Dynapac,23,25
EQ-0828,Bulldozer,1488,PART-1589,Hydraulic,169.87,0.08918565543044407,1635,Dynapac,14,77
EQ-0829,Roller,1269,PART-5524,Electrical,404.64,0.1076453248319682,948,LocalVendor2,13,78
EQ-0830,Paver,4595,PART-3821,Wear,486.05,0.20138002693694906,4881,CAT,11,40
EQ-0831,Bulldozer,1996,PART-7509,Hydraulic,158.76,0.17527176015999288,1593,Volvo,2,135
EQ-0832,Excavator,3047,PART-8693,Electrical,550.8,0.217767186464358,3478,Wirtgen,33,174
EQ-0833,Roller,2377,PART-1071,Engine,154.41,0.1752690257775957,2093,Volvo,31,177
EQ-0834,Paver,1409,PART-4580,Electrical,227.35,0.037218137577804636,1378,Volvo,9,48
EQ-0835,AsphaltPlant,2095,PART-8962,Electrical,439.51,0.2980090384016155,2219,LocalVendor1,22,95
EQ-0836,Bulldozer,1415,PART-1268,Hydraulic,404.19,0.17626183098409282,1135,Dynapac,23,165
EQ-0837,Roller,6029,PART-3462,Filters,1361.47,0.18602700880717607,6903,LocalVendor1,19,64
EQ-0838,Roller,3287,PART-2015,Filters,126.53,0.12362136243524076,2897,LocalVendor2,3,97
EQ-0839,Excavator,2357,PART-8984,Transmission,375.7,0.22792248053104958,2586,Wirtgen,49,87
EQ-0840,Excavator,2975,PART-1406,Filters,332.24,0.07348247075799148,2365,LocalVendor2,45,87
EQ-0841,AsphaltPlant,3194,PART-8384,Electrical,789.88,0.1926880354364445,3554,CAT,10,81
EQ-0842,AsphaltPlant,3198,PART-7049,Transmission,101.01,0.01,2484,Wirtgen,4,30
EQ-0843,Paver,3138,PART-7169,Hydraulic,468.05,0.19740459649451284,2997,LocalVendor1,55,25
EQ-0844,Paver,3032,PART-8982,Wear,301.99,0.07443147118523992,2572,LocalVendor1,27,124
EQ-0845,AsphaltPlant,2445,PART-1985,Electrical,146.34,0.16938961642989878,2809,LocalVendor2,22,134
EQ-0846,AsphaltPlant,4438,PART-5485,Electrical,242.98,0.24501383267223223,3804,LocalVendor1,31,179
EQ-0847,Bulldozer,2515,PART-9901,Transmission,171.84,0.2075902162150307,3091,LocalVendor1,29,112
EQ-0848,Excavator,2388,PART-3618,Hydraulic,309.76,0.2357067169082293,2949,Volvo,37,162
EQ-0849,Paver,2525,PART-7289,Engine,709.47,0.2284593910553466,2065,CAT,27,31
EQ-0850,Excavator,2606,PART-7928,Electrical,302.71,0.11330020799630848,2784,Volvo,35,75
EQ-0851,Excavator,996,PART-6368,Engine,349.68,0.1918831121665498,749,LocalVendor1,9,152
EQ-0852,AsphaltPlant,1547,PART-5621,Engine,269.41,0.029255817284073296,1446,Dynapac,11,54
EQ-0853,Bulldozer,2223,PART-8566,Filters,65.76,0.10191445074390243,2507,Volvo,49,99
EQ-0854,Roller,970,PART-5670,Hydraulic,129.53,0.2474858421798836,1062,LocalVendor1,56,27
EQ-0855,Bulldozer,2355,PART-8658,Engine,253.18,0.12304742383016454,2531,LocalVendor1,44,145
EQ-0856,Bulldozer,2591,PART-2003,Hydraulic,161.42,0.01923986793304791,2252,CAT,51,85
EQ-0857,Excavator,1219,PART-8504,Filters,110.18,0.290958924213195,1129,LocalVendor2,55,136
EQ-0858,Bulldozer,1728,PART-3466,Hydraulic,260.43,0.18935751982188037,1316,Wirtgen,15,146
EQ-0859,Paver,4009,PART-2939,Electrical,166.94,0.20351347542140533,4535,Volvo,41,24
EQ-0860,Excavator,2989,PART-2635,Engine,139.57,0.08136713255546715,2995,Volvo,56,128
EQ-0861,Paver,2913,PART-9095,Hydraulic,237.08,0.1698839599370909,3277,Volvo,16,17
EQ-0862,Roller,3794,PART-7265,Wear,92.91,0.1680302479622436,3222,LocalVendor1,18,7
EQ-0863,Excavator,1562,PART-2895,Hydraulic,838.27,0.09249606003634273,1397,CAT,54,179
EQ-0864,Roller,1221,PART-7524,Engine,656.81,0.1381126220133789,1099,LocalVendor1,19,135
EQ-0865,Excavator,3570,PART-2073,Filters,418.91,0.04496726010518874,2554,LocalVendor1,33,133
EQ-0866,AsphaltPlant,2252,PART-6184,Filters,83.69,0.12573033269867986,2037,LocalVendor2,39,94
EQ-0867,Bulldozer,1542,PART-3402,Engine,498.67,0.21816923800818733,1822,Dynapac,24,156
EQ-0868,AsphaltPlant,5396,PART-5895,Electrical,545.01,0.09772062187055403,6682,CAT,47,39
EQ-0869,Roller,992,PART-8331,Electrical,488.0,0.28351084854985875,1002,Volvo,24,18
EQ-0870,Bulldozer,2538,PART-2956,Filters,86.3,0.049473594122546025,2470,Wirtgen,36,199
EQ-0871,Excavator,2134,PART-8023,Filters,359.77,0.1317877255143084,1533,Volvo,40,145
EQ-0872,Bulldozer,1968,PART-4907,Engine,589.32,0.10404990254701121,2415,LocalVendor1,16,179
EQ-0873,Paver,666,PART-1807,Electrical,308.37,0.13738734180389914,471,CAT,54,54
EQ-0874,Bulldozer,4412,PART-9378,Filters,361.88,0.24600323474986457,5589,CAT,25,82
EQ-0875,Paver,1108,PART-5827,Electrical,233.95,0.0810881152475132,1100,CAT,29,158
EQ-0876,Bulldozer,2057,PART-5524,Filters,275.68,0.11841106283493288,1861,Dynapac,17,7
EQ-0877,Paver,1899,PART-3284,Hydraulic,60.49,0.19581540269061976,2382,Volvo,17,183
EQ-0878,Roller,3028,PART-6313,Wear,355.63,0.15652111459423568,2163,Dynapac,41,44
EQ-0879,AsphaltPlant,997,PART-1757,Transmission,75.49,0.1622622464516302,1045,LocalVendor2,40,168
EQ-0880,Excavator,2868,PART-5887,Hydraulic,221.29,0.08243065622803096,2952,Wirtgen,7,55
EQ-0881,Bulldozer,2544,PART-4854,Transmission,153.87,0.1449891569878252,2115,LocalVendor2,3,5
EQ-0882,AsphaltPlant,1688,PART-4558,Filters,286.52,0.22921049160776666,1615,LocalVendor1,55,108
EQ-0883,Excavator,2824,PART-1961,Wear,92.96,0.03733353118433143,3081,Dynapac,14,165
EQ-0884,Excavator,2354,PART-4847,Wear,402.95,0.10118835945106808,2674,Dynapac,45,139
EQ-0885,Paver,4875,PART-7726,Filters,525.44,0.02291208593322644,3414,LocalVendor2,48,121
EQ-0886,Roller,2133,PART-4575,Filters,103.51,0.18758829878606187,2692,LocalVendor1,10,120
EQ-0887,Roller,1445,PART-3418,Electrical,83.05,0.23578293817201285,1154,CAT,35,56
EQ-0888,AsphaltPlant,2881,PART-5198,Filters,97.18,0.137161300889557,2420,LocalVendor1,18,124
EQ-0889,Roller,2011,PART-2001,Engine,678.98,0.07961359898392918,1725,Volvo,28,143
EQ-0890,Bulldozer,2332,PART-6244,Filters,275.35,0.08166274839818251,1685,LocalVendor2,30,159
EQ-0891,Roller,1226,PART-8119,Engine,238.92,0.129205995448908,948,LocalVendor1,38,146
EQ-0892,AsphaltPlant,3049,PART-5066,Filters,83.85,0.12893895682259324,3938,CAT,44,90
EQ-0893,Roller,1861,PART-3845,Electrical,364.57,0.21382822449593591,1654,LocalVendor1,23,50
EQ-0894,Bulldozer,2632,PART-9849,Engine,657.49,0.10317867758898908,2024,Dynapac,52,80
EQ-0895,Paver,5415,PART-6316,Hydraulic,578.4,0.18045548367301018,4138,Wirtgen,25,14
EQ-0896,AsphaltPlant,2076,PART-1422,Engine,345.09,0.1286170979526492,2349,Dynapac,8,156
EQ-0897,Paver,3232,PART-7715,Electrical,73.48,0.09786701313321138,3919,Wirtgen,35,65
EQ-0898,Paver,2143,PART-5266,Transmission,85.77,0.12687367556613158,1830,LocalVendor1,49,22
EQ-0899,Paver,1699,PART-8549,Engine,65.17,0.1735576867309686,1210,Volvo,13,90
EQ-0900,Excavator,4071,PART-7316,Filters,139.31,0.21404533729171915,3394,LocalVendor1,24,141
EQ-0901,Excavator,842,PART-3710,Filters,93.74,0.13236187689890572,617,CAT,16,149
EQ-0902,Paver,3599,PART-9644,Transmission,140.35,0.0657243308441561,2742,LocalVendor1,34,132
EQ-0903,AsphaltPlant,786,PART-9069,Electrical,195.87,0.21998003622858084,753,Wirtgen,58,108
EQ-0904,Bulldozer,3436,PART-2657,Wear,909.32,0.08712814317935197,2879,Dynapac,14,190
EQ-0905,Bulldozer,2348,PART-3541,Filters,332.77,0.16825762173742728,2370,Volvo,24,145
EQ-0906,Roller,1447,PART-7763,Hydraulic,590.5,0.1482617132607372,1232,LocalVendor1,39,182
EQ-0907,AsphaltPlant,1920,PART-4075,Electrical,421.73,0.13890009353576466,2427,LocalVendor1,33,105
EQ-0908,Excavator,3155,PART-4164,Engine,85.81,0.11591165898683953,3923,Dynapac,46,10
EQ-0909,Paver,5185,PART-3053,Engine,449.45,0.19341041462908248,5392,Volvo,51,89
EQ-0910,Roller,1018,PART-9479,Hydraulic,146.52,0.01,929,LocalVendor2,36,55
EQ-0911,Bulldozer,1490,PART-6737,Filters,355.75,0.22955293558569262,1383,LocalVendor1,2,40
EQ-0912,Excavator,1171,PART-4217,Electrical,175.09,0.08612445579241752,1109,LocalVendor1,48,75
EQ-0913,Excavator,2134,PART-2447,Hydraulic,1868.86,0.17855698368254536,2425,LocalVendor2,59,104
EQ-0914,Paver,3477,PART-7009,Filters,141.77,0.17485179325544503,3376,Wirtgen,46,29
EQ-0915,Bulldozer,1090,PART-1607,Electrical,148.19,0.2392484167414573,1323,Wirtgen,6,143
EQ-0916,AsphaltPlant,2320,PART-5552,Engine,850.67,0.16384243948766483,2938,CAT,58,48
EQ-0917,Excavator,3428,PART-2764,Electrical,57.49,0.09196235735561682,3090,Dynapac,14,18
EQ-0918,Paver,1907,PART-3671,Transmission,407.9,0.037667150846232164,1976,Volvo,55,33
EQ-0919,AsphaltPlant,499,PART-7519,Wear,437.65,0.12558377915889177,377,LocalVendor1,6,78
EQ-0920,Bulldozer,2554,PART-4962,Electrical,593.06,0.012927719978189117,2094,LocalVendor1,33,54
EQ-0921,Excavator,3938,PART-4177,Wear,1150.01,0.1060060005582471,3733,CAT,52,9
EQ-0922,AsphaltPlant,1357,PART-4722,Electrical,1163.98,0.12951585657688564,1117,LocalVendor1,22,114
EQ-0923,AsphaltPlant,891,PART-5906,Wear,70.25,0.10170588153797526,1092,Dynapac,25,126
EQ-0924,AsphaltPlant,2695,PART-8263,Transmission,567.52,0.15292415601554385,2142,CAT,19,92
EQ-0925,Excavator,2729,PART-6054,Engine,361.8,0.13347271923565546,2656,Dynapac,22,61
EQ-0926,Excavator,1845,PART-1808,Filters,362.68,0.12706194210698527,1962,CAT,55,30
EQ-0927,Roller,1676,PART-1725,Wear,91.21,0.01,1868,LocalVendor1,11,10
EQ-0928,Bulldozer,2370,PART-8701,Transmission,365.11,0.05937063735201155,2203,CAT,25,148
EQ-0929,Paver,1344,PART-2216,Wear,1263.37,0.19498597122984132,1641,Wirtgen,41,64
EQ-0930,AsphaltPlant,1346,PART-5051,Engine,778.51,0.2062979391063211,1401,Volvo,48,104
EQ-0931,Roller,3146,PART-3197,Wear,223.48,0.021285629741470302,3031,LocalVendor1,22,16
EQ-0932,Paver,1299,PART-3806,Transmission,62.23,0.09296972731361078,961,LocalVendor2,26,79
EQ-0933,Roller,921,PART-9970,Transmission,184.96,0.2250375757319389,901,Volvo,53,7
EQ-0934,Excavator,1675,PART-1972,Hydraulic,575.28,0.09973728306163956,1997,LocalVendor1,58,67
EQ-0935,AsphaltPlant,1866,PART-6634,Engine,412.69,0.14219564490124215,1994,Volvo,24,196
EQ-0936,Paver,2868,PART-8483,Hydraulic,234.49,0.25092637303111354,3439,Wirtgen,23,194
EQ-0937,Paver,1745,PART-3123,Engine,67.0,0.12468958819896243,1738,Volvo,5,138
EQ-0938,Paver,4231,PART-9790,Wear,217.01,0.11466964128690188,3262,CAT,35,23
EQ-0939,Paver,2426,PART-1224,Transmission,239.91,0.13900743165851592,1718,Volvo,57,22
EQ-0940,Paver,1564,PART-2814,Hydraulic,841.65,0.279738755852988,1379,LocalVendor1,7,84
EQ-0941,Roller,2815,PART-2106,Wear,357.4,0.1812341285402636,3149,LocalVendor2,29,175
EQ-0942,AsphaltPlant,4198,PART-1124,Transmission,162.04,0.15133571394458376,4929,LocalVendor2,32,77
EQ-0943,Excavator,3108,PART-4246,Engine,273.53,0.11329480310228915,2727,Dynapac,36,135
EQ-0944,Excavator,1057,PART-3931,Transmission,70.5,0.1877171849726786,1054,Volvo,40,130
EQ-0945,Excavator,1942,PART-3971,Wear,1128.82,0.1961789838951559,1850,LocalVendor2,43,76
EQ-0946,Excavator,2614,PART-3017,Hydraulic,183.91,0.0748775043367171,2473,Volvo,24,42
EQ-0947,Roller,3051,PART-8415,Hydraulic,244.95,0.19806397343623117,2559,LocalVendor2,7,72
EQ-0948,Bulldozer,2140,PART-3415,Transmission,181.68,0.13941933993635985,1673,Volvo,17,176
EQ-0949,AsphaltPlant,2003,PART-4096,Wear,394.19,0.15173590442400245,1638,LocalVendor1,3,84
EQ-0950,Paver,4859,PART-2609,Electrical,375.62,0.08809976979081771,3562,Volvo,25,195
EQ-0951,Bulldozer,3129,PART-1717,Engine,426.92,0.1220012580519763,2562,LocalVendor1,18,46
EQ-0952,Excavator,2818,PART-4561,Engine,143.65,0.07789004143440197,1988,LocalVendor1,46,68
EQ-0953,Bulldozer,1780,PART-7782,Wear,163.79,0.07452472809185894,1915,Dynapac,2,186
EQ-0954,AsphaltPlant,1335,PART-2048,Electrical,90.15,0.17639631542987458,1187,LocalVendor2,7,82
EQ-0955,Paver,2840,PART-9307,Hydraulic,369.71,0.1251418404189824,3646,CAT,6,131
EQ-0956,Paver,3279,PART-8905,Filters,62.18,0.05902536310963087,2676,LocalVendor1,58,109
EQ-0957,AsphaltPlant,2327,PART-6578,Filters,323.15,0.3023936853241863,2111,LocalVendor2,46,80
EQ-0958,AsphaltPlant,3132,PART-2620,Wear,661.37,0.07127414724788443,2864,Wirtgen,56,169
EQ-0959,Excavator,3168,PART-7548,Electrical,714.46,0.22644720727135337,2233,Volvo,51,136
EQ-0960,Paver,3375,PART-8381,Electrical,228.83,0.046647545086473854,4061,Wirtgen,30,134
EQ-0961,Bulldozer,1047,PART-5780,Engine,234.47,0.18195516346174567,752,Volvo,13,126
EQ-0962,Roller,1968,PART-4792,Hydraulic,74.03,0.1324607741966916,2487,Dynapac,40,48
EQ-0963,Roller,2916,PART-3941,Transmission,383.3,0.10596602880491165,3601,LocalVendor1,48,199
EQ-0964,AsphaltPlant,2387,PART-6695,Electrical,566.55,0.16377196266359942,2437,CAT,4,106
EQ-0965,Excavator,3172,PART-7401,Transmission,134.17,0.15435818994305325,3254,LocalVendor1,49,66
EQ-0966,Roller,2818,PART-7197,Filters,214.09,0.09312743714225682,3078,Volvo,2,5
EQ-0967,Paver,694,PART-6450,Transmission,597.61,0.08995827834490998,646,CAT,28,21
EQ-0968,AsphaltPlant,3730,PART-9975,Hydraulic,678.97,0.03982600516039192,4059,LocalVendor1,49,20
EQ-0969,Bulldozer,1853,PART-9432,Hydraulic,133.59,0.17138950690499358,1346,CAT,25,13
EQ-0970,AsphaltPlant,1519,PART-6874,Transmission,289.93,0.062233662102999396,1112,Volvo,45,185
EQ-0971,Bulldozer,3675,PART-2553,Wear,114.14,0.15027824695620276,3580,Dynapac,20,63
EQ-0972,AsphaltPlant,3065,PART-2012,Electrical,82.24,0.19147345888845013,3156,Dynapac,9,123
EQ-0973,AsphaltPlant,3902,PART-9378,Wear,776.14,0.1645638522276838,4809,LocalVendor1,56,141
EQ-0974,AsphaltPlant,2627,PART-2881,Transmission,565.29,0.09938080913879191,2003,Wirtgen,45,144
EQ-0975,Bulldozer,1956,PART-7799,Electrical,478.18,0.21361686879449782,2334,Volvo,48,123
EQ-0976,Bulldozer,2491,PART-5586,Engine,65.0,0.12144199653291228,2057,LocalVendor1,3,45
EQ-0977,AsphaltPlant,1388,PART-9622,Wear,606.85,0.0566087468696506,1299,LocalVendor1,31,147
EQ-0978,Roller,1156,PART-9430,Wear,222.9,0.13013907468827055,1028,Dynapac,31,70
EQ-0979,Excavator,1717,PART-7447,Transmission,175.75,0.19107581645893082,1614,CAT,50,79
EQ-0980,Excavator,4412,PART-3345,Filters,287.21,0.1027909979912911,3486,Volvo,40,15
EQ-0981,Excavator,1801,PART-1075,Transmission,78.74,0.2114727690479213,1804,CAT,46,12
EQ-0982,Bulldozer,932,PART-6877,Wear,473.97,0.09607717543476443,1100,LocalVendor2,33,187
EQ-0983,Bulldozer,2168,PART-7785,Electrical,311.99,0.10560507644201308,2091,LocalVendor2,2,138
EQ-0984,Roller,1789,PART-5922,Filters,111.96,0.0767744688902723,1778,Volvo,39,185
EQ-0985,Excavator,3760,PART-9090,Transmission,112.56,0.19785966758356205,4546,Wirtgen,14,152
EQ-0986,Excavator,4273,PART-3330,Transmission,111.09,0.1462730200937558,4801,LocalVendor2,12,171
EQ-0987,AsphaltPlant,1914,PART-5686,Wear,67.61,0.08141666365792179,1903,Dynapac,11,103
EQ-0988,Bulldozer,2625,PART-2902,Wear,315.87,0.12226527604032275,2243,Wirtgen,49,76
EQ-0989,Excavator,2724,PART-5670,Engine,600.43,0.01,3353,LocalVendor1,27,117
EQ-0990,Roller,2281,PART-8143,Transmission,55.3,0.20445806544266504,2386,LocalVendor2,57,111
EQ-0991,Roller,2093,PART-3059,Wear,65.07,0.13804773523511848,1742,Dynapac,56,38
EQ-0992,Excavator,1470,PART-1140,Hydraulic,305.13,0.01,1266,LocalVendor1,21,61
EQ-0993,Bulldozer,853,PART-2789,Filters,563.6,0.048032299107314255,1008,Wirtgen,18,121
EQ-0994,Roller,1466,PART-1016,Hydraulic,168.69,0.12048841562096776,1065,Volvo,18,124
EQ-0995,AsphaltPlant,2244,PART-1464,Filters,179.06,0.058008046862661394,2906,LocalVendor1,5,151
EQ-0996,Roller,1091,PART-5471,Transmission,322.16,0.20553445265802409,849,CAT,6,75
EQ-0997,Paver,2564,PART-2827,Engine,146.15,0.17930010201938082,3019,Volvo,24,163
EQ-0998,Paver,2409,PART-9711,Wear,58.09,0.17516751604625083,2256,Volvo,47,44
EQ-0999,Bulldozer,1791,PART-6956,Wear,448.67,0.01,1782,Wirtgen,53,146
EQ-1000,Excavator,2052,PART-1089,Wear,344.77,0.11321791100551741,2520,Wirtgen,11,107
